crm_id,tier,valid_from
CRM000000,Bronze,2024-06-21
CRM000001,Bronze,2024-08-04
CRM000002,Bronze,2024-02-19
CRM000003,Bronze,2024-02-11
CRM000004,Bronze,2025-03-08
CRM000005,Bronze,2025-03-07
CRM000006,Bronze,2025-08-13
CRM000007,Bronze,2024-03-08
CRM000007,Gold,2024-09-03
CRM000008,Bronze,2025-03-31
CRM000008,Silver,2025-12-18
CRM000009,Bronze,2024-04-18
CRM000009,Gold,2025-10-28
CRM000010,Bronze,2024-12-27
CRM000011,Bronze,2025-07-20
CRM000012,Bronze,2025-02-18
CRM000013,Bronze,2024-09-22
CRM000013,Silver,2026-02-17
CRM000014,Bronze,2025-08-12
CRM000015,Bronze,2024-12-21
CRM000016,Bronze,2024-11-23
CRM000017,Bronze,2026-02-14
CRM000018,Bronze,2024-08-04
CRM000019,Bronze,2025-09-12
CRM000020,Bronze,2024-05-21
CRM000020,Gold,2025-12-21
CRM000021,Bronze,2024-09-05
CRM000022,Bronze,2025-12-28
CRM000023,Bronze,2025-02-18
CRM000023,Gold,2025-12-29
CRM000024,Bronze,2025-11-06
CRM000025,Bronze,2024-10-04
CRM000026,Bronze,2024-11-04
CRM000027,Bronze,2024-01-01
CRM000028,Bronze,2025-07-17
CRM000029,Bronze,2024-05-02
CRM000030,Bronze,2024-07-14
CRM000031,Bronze,2025-02-15
CRM000032,Bronze,2024-11-08
CRM000033,Bronze,2026-03-15
CRM000034,Bronze,2025-06-09
CRM000035,Bronze,2024-01-12
CRM000036,Bronze,2024-02-18
CRM000036,Gold,2025-07-15
CRM000037,Bronze,2026-01-24
CRM000038,Bronze,2026-01-04
CRM000039,Bronze,2024-05-30
CRM000039,Silver,2024-11-17
CRM000039,Gold,2025-09-29
CRM000040,Bronze,2025-12-26
CRM000041,Bronze,2025-06-11
CRM000042,Bronze,2025-11-27
CRM000043,Bronze,2025-01-23
CRM000044,Bronze,2024-01-23
CRM000045,Bronze,2026-01-24
CRM000046,Bronze,2025-08-11
CRM000047,Bronze,2025-10-19
CRM000048,Bronze,2025-04-05
CRM000049,Bronze,2024-03-18
CRM000050,Bronze,2024-05-04
CRM000051,Bronze,2024-07-05
CRM000051,Gold,2026-02-13
CRM000052,Bronze,2025-10-13
CRM000053,Bronze,2025-05-03
CRM000054,Bronze,2025-04-11
CRM000055,Bronze,2024-06-04
CRM000055,Gold,2025-04-29
CRM000056,Bronze,2024-07-24
CRM000057,Bronze,2024-09-02
CRM000058,Bronze,2024-01-13
CRM000059,Bronze,2025-02-14
CRM000060,Bronze,2024-11-23
CRM000061,Bronze,2026-01-28
CRM000062,Bronze,2024-03-09
CRM000063,Bronze,2025-11-17
CRM000064,Bronze,2024-06-22
CRM000065,Bronze,2025-07-27
CRM000066,Bronze,2024-03-05
CRM000066,Silver,2025-06-21
CRM000067,Bronze,2025-01-22
CRM000068,Bronze,2024-08-28
CRM000069,Bronze,2024-10-05
CRM000070,Bronze,2024-09-04
CRM000071,Bronze,2024-12-11
CRM000071,Silver,2025-09-04
CRM000072,Bronze,2024-12-12
CRM000072,Silver,2026-02-27
CRM000073,Bronze,2025-03-08
CRM000074,Bronze,2026-03-02
CRM000075,Bronze,2025-02-09
CRM000076,Bronze,2025-11-06
CRM000077,Bronze,2026-03-05
CRM000078,Bronze,2025-11-08
CRM000079,Bronze,2024-04-18
CRM000079,Silver,2024-09-01
CRM000079,Gold,2025-07-03
CRM000080,Bronze,2025-04-11
CRM000081,Bronze,2025-04-04
CRM000082,Bronze,2025-08-11
CRM000083,Bronze,2025-04-12
CRM000084,Bronze,2024-11-22
CRM000085,Bronze,2025-11-17
CRM000086,Bronze,2024-05-11
CRM000087,Bronze,2025-04-27
CRM000088,Bronze,2025-01-15
CRM000088,Silver,2026-04-04
CRM000089,Bronze,2024-10-29
CRM000090,Bronze,2025-01-14
CRM000091,Bronze,2024-12-05
CRM000092,Bronze,2025-01-22
CRM000093,Bronze,2025-05-07
CRM000093,Gold,2025-09-19
CRM000094,Bronze,2024-09-04
CRM000095,Bronze,2025-03-06
CRM000096,Bronze,2025-11-14
CRM000097,Bronze,2025-06-05
CRM000098,Bronze,2024-12-25
CRM000099,Bronze,2025-10-06
CRM000100,Bronze,2024-11-17
CRM000101,Bronze,2026-01-10
CRM000102,Bronze,2024-12-08
CRM000103,Bronze,2024-02-15
CRM000104,Bronze,2024-07-17
CRM000105,Bronze,2024-02-12
CRM000106,Bronze,2024-10-09
CRM000107,Bronze,2025-12-07
CRM000108,Bronze,2025-01-26
CRM000108,Gold,2025-06-04
CRM000109,Bronze,2025-06-27
CRM000110,Bronze,2025-01-19
CRM000111,Bronze,2026-01-05
CRM000112,Bronze,2025-02-02
CRM000113,Bronze,2024-06-26
CRM000113,Gold,2025-07-19
CRM000114,Bronze,2024-02-09
CRM000114,Gold,2025-04-14
CRM000115,Bronze,2024-11-04
CRM000115,Gold,2025-09-25
CRM000116,Bronze,2025-04-13
CRM000117,Bronze,2025-06-23
CRM000118,Bronze,2025-06-14
CRM000119,Bronze,2025-07-16
CRM000120,Bronze,2026-03-21
CRM000121,Bronze,2025-02-20
CRM000122,Bronze,2025-01-13
CRM000123,Bronze,2026-02-06
CRM000124,Bronze,2025-02-05
CRM000125,Bronze,2026-03-13
CRM000126,Bronze,2025-01-08
CRM000127,Bronze,2024-05-24
CRM000128,Bronze,2025-07-27
CRM000129,Bronze,2025-05-28
CRM000130,Bronze,2025-01-25
CRM000131,Bronze,2024-10-14
CRM000131,Silver,2025-11-19
CRM000132,Bronze,2026-03-25
CRM000133,Bronze,2024-12-19
CRM000134,Bronze,2024-07-15
CRM000135,Bronze,2024-07-15
CRM000136,Bronze,2025-03-17
CRM000137,Bronze,2024-03-20
CRM000138,Bronze,2026-02-02
CRM000139,Bronze,2025-04-16
CRM000140,Bronze,2024-12-16
CRM000141,Bronze,2025-04-06
CRM000142,Bronze,2024-04-03
CRM000143,Bronze,2024-11-23
CRM000144,Bronze,2024-09-27
CRM000144,Silver,2026-03-03
CRM000145,Bronze,2025-11-30
CRM000146,Bronze,2024-12-25
CRM000147,Bronze,2024-12-28
CRM000148,Bronze,2024-12-15
CRM000149,Bronze,2024-04-02
CRM000150,Bronze,2025-12-29
CRM000151,Bronze,2026-02-06
CRM000152,Bronze,2025-05-15
CRM000153,Bronze,2024-02-02
CRM000153,Gold,2024-11-18
CRM000154,Bronze,2024-09-29
CRM000155,Bronze,2025-11-08
CRM000156,Bronze,2025-09-26
CRM000157,Bronze,2025-10-01
CRM000158,Bronze,2024-02-27
CRM000159,Bronze,2024-06-29
CRM000160,Bronze,2025-10-03
CRM000161,Bronze,2025-11-17
CRM000162,Bronze,2024-07-22
CRM000163,Bronze,2025-01-06
CRM000164,Bronze,2025-09-25
CRM000164,Silver,2026-04-24
CRM000165,Bronze,2024-08-27
CRM000165,Silver,2024-12-05
CRM000166,Bronze,2025-02-28
CRM000167,Bronze,2024-08-12
CRM000168,Bronze,2025-10-06
CRM000169,Bronze,2025-04-08
CRM000169,Silver,2026-01-06
CRM000170,Bronze,2026-01-22
CRM000171,Bronze,2024-10-20
CRM000171,Gold,2025-07-29
CRM000172,Bronze,2024-03-08
CRM000172,Silver,2025-07-31
CRM000173,Bronze,2024-08-24
CRM000174,Bronze,2025-05-30
CRM000175,Bronze,2024-01-24
CRM000176,Bronze,2025-12-30
CRM000177,Bronze,2025-08-13
CRM000178,Bronze,2024-04-16
CRM000179,Bronze,2024-05-20
CRM000180,Bronze,2025-04-10
CRM000181,Bronze,2025-07-10
CRM000182,Bronze,2025-10-02
CRM000183,Bronze,2024-05-02
CRM000184,Bronze,2024-08-10
CRM000185,Bronze,2024-01-15
CRM000186,Bronze,2025-06-20
CRM000186,Silver,2026-03-21
CRM000187,Bronze,2025-04-14
CRM000188,Bronze,2025-08-15
CRM000189,Bronze,2025-09-06
CRM000190,Bronze,2026-02-10
CRM000191,Bronze,2024-12-06
CRM000191,Gold,2025-05-07
CRM000192,Bronze,2024-05-30
CRM000193,Bronze,2024-02-21
CRM000194,Bronze,2025-05-22
CRM000195,Bronze,2025-07-22
CRM000196,Bronze,2026-01-18
CRM000197,Bronze,2024-04-26
CRM000198,Bronze,2025-07-22
CRM000199,Bronze,2024-07-10
CRM000200,Bronze,2025-07-31
CRM000201,Bronze,2025-05-24
CRM000202,Bronze,2025-04-14
CRM000203,Bronze,2024-02-27
CRM000204,Bronze,2024-07-29
CRM000205,Bronze,2024-08-28
CRM000206,Bronze,2025-09-25
CRM000207,Bronze,2025-11-21
CRM000208,Bronze,2025-07-11
CRM000209,Bronze,2025-12-07
CRM000210,Bronze,2024-03-19
CRM000211,Bronze,2024-04-16
CRM000211,Silver,2025-02-24
CRM000212,Bronze,2024-12-27
CRM000212,Silver,2025-08-03
CRM000213,Bronze,2025-03-06
CRM000214,Bronze,2024-02-10
CRM000214,Gold,2024-11-10
CRM000215,Bronze,2025-05-17
CRM000216,Bronze,2025-10-15
CRM000217,Bronze,2025-07-16
CRM000217,Silver,2026-03-09
CRM000218,Bronze,2024-12-10
CRM000219,Bronze,2024-02-18
CRM000220,Bronze,2024-06-16
CRM000221,Bronze,2025-05-15
CRM000221,Silver,2025-11-03
CRM000221,Gold,2026-04-16
CRM000222,Bronze,2025-05-20
CRM000223,Bronze,2025-10-30
CRM000224,Bronze,2024-11-30
CRM000225,Bronze,2025-12-05
CRM000226,Bronze,2025-04-30
CRM000226,Gold,2025-07-25
CRM000227,Bronze,2026-01-06
CRM000228,Bronze,2024-05-30
CRM000228,Gold,2024-12-23
CRM000229,Bronze,2024-04-03
CRM000229,Silver,2025-06-23
CRM000229,Gold,2025-08-29
CRM000230,Bronze,2025-07-03
CRM000231,Bronze,2025-04-30
CRM000232,Bronze,2026-01-19
CRM000233,Bronze,2024-06-27
CRM000233,Gold,2025-12-26
CRM000234,Bronze,2024-02-10
CRM000235,Bronze,2025-02-28
CRM000236,Bronze,2024-01-10
CRM000237,Bronze,2024-02-17
CRM000237,Gold,2024-04-17
CRM000238,Bronze,2025-12-05
CRM000239,Bronze,2025-05-18
CRM000240,Bronze,2024-09-01
CRM000240,Gold,2025-09-26
CRM000241,Bronze,2025-11-19
CRM000242,Bronze,2025-10-05
CRM000243,Bronze,2024-06-21
CRM000243,Silver,2026-01-06
CRM000244,Bronze,2025-04-24
CRM000244,Silver,2025-11-16
CRM000245,Bronze,2024-01-12
CRM000246,Bronze,2025-03-25
CRM000247,Bronze,2025-10-30
CRM000247,Silver,2026-04-15
CRM000248,Bronze,2024-12-23
CRM000249,Bronze,2024-03-06
CRM000250,Bronze,2025-10-28
CRM000251,Bronze,2025-09-21
CRM000252,Bronze,2025-07-16
CRM000253,Bronze,2025-09-14
CRM000254,Bronze,2025-06-11
CRM000255,Bronze,2024-06-26
CRM000255,Gold,2025-01-06
CRM000256,Bronze,2024-08-17
CRM000257,Bronze,2024-09-26
CRM000258,Bronze,2026-02-06
CRM000259,Bronze,2025-05-17
CRM000260,Bronze,2025-12-29
CRM000261,Bronze,2024-03-28
CRM000262,Bronze,2025-12-03
CRM000263,Bronze,2024-05-20
CRM000264,Bronze,2024-03-04
CRM000264,Silver,2024-06-06
CRM000264,Gold,2025-01-17
CRM000265,Bronze,2026-01-08
CRM000266,Bronze,2025-06-17
CRM000267,Bronze,2025-11-11
CRM000268,Bronze,2025-03-15
CRM000269,Bronze,2025-06-03
CRM000270,Bronze,2025-08-23
CRM000271,Bronze,2024-08-07
CRM000272,Bronze,2024-05-11
CRM000272,Gold,2025-04-05
CRM000273,Bronze,2026-03-28
CRM000274,Bronze,2024-01-29
CRM000275,Bronze,2026-01-25
CRM000276,Bronze,2025-04-04
CRM000277,Bronze,2024-07-22
CRM000278,Bronze,2024-09-14
CRM000278,Gold,2025-10-28
CRM000279,Bronze,2025-01-03
CRM000280,Bronze,2025-01-06
CRM000281,Bronze,2025-11-15
CRM000282,Bronze,2026-03-30
CRM000283,Bronze,2025-01-23
CRM000283,Gold,2026-04-02
CRM000284,Bronze,2024-06-08
CRM000285,Bronze,2024-09-06
CRM000286,Bronze,2024-12-10
CRM000286,Gold,2025-09-28
CRM000287,Bronze,2025-09-07
CRM000288,Bronze,2025-08-05
CRM000289,Bronze,2025-06-04
CRM000290,Bronze,2024-08-03
CRM000291,Bronze,2024-01-09
CRM000292,Bronze,2026-03-30
CRM000293,Bronze,2024-07-08
CRM000293,Silver,2026-02-04
CRM000294,Bronze,2024-04-07
CRM000295,Bronze,2025-01-10
CRM000296,Bronze,2025-07-02
CRM000296,Silver,2026-04-15
CRM000297,Bronze,2024-05-12
CRM000298,Bronze,2026-02-27
CRM000299,Bronze,2024-03-08
CRM000300,Bronze,2024-01-26
CRM000301,Bronze,2024-06-10
CRM000301,Silver,2025-08-15
CRM000302,Bronze,2025-07-01
CRM000303,Bronze,2026-01-13
CRM000304,Bronze,2025-12-11
CRM000305,Bronze,2024-03-06
CRM000306,Bronze,2025-01-28
CRM000307,Bronze,2024-03-15
CRM000307,Gold,2024-10-16
CRM000308,Bronze,2025-11-09
CRM000309,Bronze,2024-10-17
CRM000309,Gold,2026-01-30
CRM000310,Bronze,2025-02-18
CRM000311,Bronze,2024-10-07
CRM000312,Bronze,2025-05-24
CRM000313,Bronze,2025-10-23
CRM000314,Bronze,2024-03-06
CRM000315,Bronze,2024-03-30
CRM000316,Bronze,2024-09-05
CRM000316,Gold,2025-01-19
CRM000317,Bronze,2024-04-14
CRM000318,Bronze,2024-02-20
CRM000319,Bronze,2025-11-20
CRM000319,Silver,2026-03-28
CRM000320,Bronze,2025-09-10
CRM000321,Bronze,2024-02-10
CRM000322,Bronze,2024-07-01
CRM000323,Bronze,2025-03-19
CRM000324,Bronze,2024-04-25
CRM000325,Bronze,2025-05-11
CRM000325,Gold,2025-12-20
CRM000326,Bronze,2025-03-27
CRM000327,Bronze,2024-12-14
CRM000327,Silver,2026-02-05
CRM000328,Bronze,2024-02-10
CRM000328,Silver,2025-05-26
CRM000329,Bronze,2024-07-20
CRM000330,Bronze,2026-01-13
CRM000331,Bronze,2024-07-13
CRM000331,Gold,2025-02-03
CRM000332,Bronze,2026-03-14
CRM000333,Bronze,2026-02-20
CRM000334,Bronze,2024-09-08
CRM000335,Bronze,2025-03-17
CRM000336,Bronze,2024-07-13
CRM000337,Bronze,2024-09-18
CRM000338,Bronze,2025-06-08
CRM000339,Bronze,2025-02-15
CRM000339,Gold,2025-08-21
CRM000340,Bronze,2024-02-17
CRM000340,Gold,2025-04-01
CRM000341,Bronze,2025-01-15
CRM000342,Bronze,2024-04-03
CRM000342,Silver,2025-02-18
CRM000343,Bronze,2024-11-12
CRM000344,Bronze,2025-05-11
CRM000345,Bronze,2026-03-10
CRM000346,Bronze,2024-07-09
CRM000346,Silver,2024-12-21
CRM000347,Bronze,2024-03-19
CRM000348,Bronze,2025-05-23
CRM000349,Bronze,2026-02-13
CRM000350,Bronze,2024-02-06
CRM000351,Bronze,2025-07-02
CRM000352,Bronze,2026-01-01
CRM000353,Bronze,2024-07-27
CRM000354,Bronze,2024-03-11
CRM000355,Bronze,2025-03-24
CRM000356,Bronze,2024-07-03
CRM000357,Bronze,2025-07-21
CRM000358,Bronze,2025-09-15
CRM000359,Bronze,2025-06-01
CRM000360,Bronze,2026-03-11
CRM000361,Bronze,2025-04-09
CRM000362,Bronze,2026-01-07
CRM000363,Bronze,2025-04-22
CRM000363,Gold,2025-10-02
CRM000364,Bronze,2025-02-16
CRM000365,Bronze,2026-01-16
CRM000366,Bronze,2025-01-11
CRM000367,Bronze,2025-11-16
CRM000368,Bronze,2024-11-12
CRM000369,Bronze,2024-08-02
CRM000370,Bronze,2025-08-08
CRM000371,Bronze,2025-07-04
CRM000372,Bronze,2024-10-25
CRM000373,Bronze,2025-03-24
CRM000374,Bronze,2025-06-25
CRM000375,Bronze,2025-08-12
CRM000376,Bronze,2025-03-22
CRM000377,Bronze,2025-02-02
CRM000378,Bronze,2025-02-25
CRM000379,Bronze,2025-01-06
CRM000379,Gold,2025-11-06
CRM000380,Bronze,2024-06-04
CRM000381,Bronze,2024-08-01
CRM000382,Bronze,2026-01-08
CRM000383,Bronze,2025-03-19
CRM000384,Bronze,2024-02-27
CRM000385,Bronze,2026-02-08
CRM000386,Bronze,2025-04-08
CRM000387,Bronze,2025-12-06
CRM000388,Bronze,2025-12-28
CRM000389,Bronze,2025-12-13
CRM000390,Bronze,2025-06-07
CRM000391,Bronze,2025-09-21
CRM000392,Bronze,2024-05-28
CRM000393,Bronze,2024-01-11
CRM000394,Bronze,2025-05-27
CRM000394,Silver,2026-01-27
CRM000395,Bronze,2025-07-12
CRM000396,Bronze,2025-04-21
CRM000397,Bronze,2025-04-03
CRM000398,Bronze,2026-01-12
CRM000399,Bronze,2026-01-01
CRM000400,Bronze,2024-05-07
CRM000400,Gold,2025-06-23
CRM000401,Bronze,2024-06-23
CRM000402,Bronze,2024-08-20
CRM000402,Silver,2026-01-18
CRM000403,Bronze,2024-11-15
CRM000404,Bronze,2025-11-23
CRM000405,Bronze,2025-12-10
CRM000406,Bronze,2024-02-03
CRM000406,Gold,2025-02-26
CRM000407,Bronze,2024-04-23
CRM000408,Bronze,2024-04-03
CRM000409,Bronze,2024-10-06
CRM000410,Bronze,2025-11-27
CRM000411,Bronze,2025-06-24
CRM000412,Bronze,2024-12-11
CRM000413,Bronze,2025-10-20
CRM000414,Bronze,2025-06-21
CRM000415,Bronze,2025-10-13
CRM000416,Bronze,2024-04-14
CRM000416,Gold,2024-09-13
CRM000417,Bronze,2024-03-16
CRM000418,Bronze,2024-12-30
CRM000419,Bronze,2025-03-25
CRM000420,Bronze,2025-05-13
CRM000421,Bronze,2025-10-04
CRM000422,Bronze,2024-09-29
CRM000423,Bronze,2024-03-13
CRM000424,Bronze,2025-10-08
CRM000425,Bronze,2026-01-05
CRM000426,Bronze,2024-03-30
CRM000427,Bronze,2024-07-27
CRM000427,Gold,2025-08-08
CRM000428,Bronze,2024-05-02
CRM000429,Bronze,2024-10-22
CRM000430,Bronze,2024-03-02
CRM000431,Bronze,2025-06-01
CRM000432,Bronze,2024-07-01
CRM000432,Gold,2024-11-30
CRM000433,Bronze,2024-11-13
CRM000434,Bronze,2025-12-25
CRM000435,Bronze,2025-07-12
CRM000436,Bronze,2025-12-30
CRM000437,Bronze,2025-10-05
CRM000438,Bronze,2025-02-09
CRM000438,Silver,2026-02-04
CRM000439,Bronze,2024-10-31
CRM000439,Silver,2025-02-09
CRM000440,Bronze,2026-02-14
CRM000441,Bronze,2026-02-01
CRM000442,Bronze,2026-01-28
CRM000443,Bronze,2024-04-25
CRM000443,Gold,2025-02-10
CRM000444,Bronze,2024-12-25
CRM000445,Bronze,2026-02-24
CRM000446,Bronze,2026-01-20
CRM000446,Gold,2026-04-11
CRM000447,Bronze,2025-09-30
CRM000448,Bronze,2024-01-27
CRM000449,Bronze,2024-05-29
CRM000450,Bronze,2026-03-28
CRM000451,Bronze,2025-08-02
CRM000452,Bronze,2024-05-05
CRM000453,Bronze,2025-08-12
CRM000454,Bronze,2024-01-15
CRM000455,Bronze,2025-05-29
CRM000456,Bronze,2026-01-08
CRM000457,Bronze,2024-02-21
CRM000458,Bronze,2024-08-11
CRM000459,Bronze,2024-09-09
CRM000460,Bronze,2025-08-19
CRM000461,Bronze,2025-06-21
CRM000462,Bronze,2025-06-13
CRM000463,Bronze,2025-02-28
CRM000464,Bronze,2025-08-06
CRM000465,Bronze,2025-04-03
CRM000465,Gold,2025-10-17
CRM000466,Bronze,2024-08-27
CRM000467,Bronze,2025-07-14
CRM000468,Bronze,2025-07-13
CRM000468,Silver,2026-01-20
CRM000469,Bronze,2024-10-18
CRM000470,Bronze,2024-05-19
CRM000471,Bronze,2025-05-18
CRM000472,Bronze,2024-05-11
CRM000473,Bronze,2024-09-20
CRM000474,Bronze,2025-04-12
CRM000475,Bronze,2025-11-06
CRM000476,Bronze,2025-07-14
CRM000477,Bronze,2024-10-30
CRM000478,Bronze,2025-09-06
CRM000479,Bronze,2025-06-03
CRM000480,Bronze,2024-11-08
CRM000481,Bronze,2025-03-28
CRM000482,Bronze,2025-05-21
CRM000483,Bronze,2024-11-06
CRM000484,Bronze,2025-12-18
CRM000485,Bronze,2024-04-17
CRM000486,Bronze,2025-04-15
CRM000487,Bronze,2024-04-24
CRM000488,Bronze,2026-02-25
CRM000489,Bronze,2024-05-12
CRM000490,Bronze,2024-03-09
CRM000491,Bronze,2024-06-13
CRM000491,Silver,2025-08-09
CRM000492,Bronze,2026-03-16
CRM000493,Bronze,2025-08-30
CRM000494,Bronze,2026-01-19
CRM000495,Bronze,2024-08-08
CRM000496,Bronze,2026-03-20
CRM000497,Bronze,2025-12-03
CRM000498,Bronze,2024-06-27
CRM000499,Bronze,2025-01-13
CRM000500,Bronze,2025-10-24
CRM000501,Bronze,2025-11-02
CRM000502,Bronze,2025-10-29
CRM000503,Bronze,2024-04-07
CRM000504,Bronze,2024-11-02
CRM000505,Bronze,2025-05-01
CRM000506,Bronze,2025-06-24
CRM000507,Bronze,2024-05-11
CRM000508,Bronze,2025-04-19
CRM000509,Bronze,2025-08-26
CRM000510,Bronze,2025-10-19
CRM000511,Bronze,2026-01-30
CRM000512,Bronze,2024-03-24
CRM000512,Gold,2024-07-27
CRM000513,Bronze,2025-08-19
CRM000514,Bronze,2026-02-02
CRM000515,Bronze,2024-05-08
CRM000515,Silver,2025-01-06
CRM000515,Gold,2025-11-15
CRM000516,Bronze,2025-03-02
CRM000517,Bronze,2026-02-08
CRM000518,Bronze,2025-02-20
CRM000519,Bronze,2025-11-16
CRM000520,Bronze,2025-01-19
CRM000521,Bronze,2024-05-15
CRM000522,Bronze,2025-06-28
CRM000523,Bronze,2024-08-04
CRM000524,Bronze,2025-03-12
CRM000524,Silver,2026-04-27
CRM000525,Bronze,2025-03-30
CRM000526,Bronze,2024-05-27
CRM000527,Bronze,2024-07-16
CRM000528,Bronze,2025-05-15
CRM000529,Bronze,2025-02-21
CRM000529,Silver,2026-04-16
CRM000530,Bronze,2024-05-24
CRM000531,Bronze,2026-01-28
CRM000532,Bronze,2025-12-13
CRM000532,Silver,2026-04-14
CRM000533,Bronze,2025-09-09
CRM000533,Silver,2025-11-09
CRM000534,Bronze,2025-05-16
CRM000535,Bronze,2025-06-17
CRM000536,Bronze,2025-12-14
CRM000537,Bronze,2024-01-02
CRM000538,Bronze,2025-03-01
CRM000538,Silver,2025-10-23
CRM000539,Bronze,2025-07-31
CRM000540,Bronze,2025-04-19
CRM000541,Bronze,2024-05-21
CRM000542,Bronze,2024-05-01
CRM000542,Gold,2024-12-05
CRM000543,Bronze,2025-11-22
CRM000544,Bronze,2024-07-24
CRM000545,Bronze,2024-06-08
CRM000546,Bronze,2025-08-17
CRM000547,Bronze,2024-01-14
CRM000547,Gold,2024-08-13
CRM000548,Bronze,2024-11-26
CRM000548,Silver,2025-03-05
CRM000549,Bronze,2025-11-18
CRM000550,Bronze,2025-08-19
CRM000551,Bronze,2025-03-06
CRM000552,Bronze,2025-03-18
CRM000553,Bronze,2026-03-15
CRM000554,Bronze,2024-03-25
CRM000555,Bronze,2026-02-15
CRM000556,Bronze,2025-07-14
CRM000557,Bronze,2025-07-21
CRM000558,Bronze,2024-01-26
CRM000559,Bronze,2024-03-02
CRM000560,Bronze,2025-10-20
CRM000561,Bronze,2024-08-25
CRM000562,Bronze,2024-11-11
CRM000563,Bronze,2024-04-12
CRM000563,Gold,2024-08-17
CRM000564,Bronze,2025-01-14
CRM000564,Silver,2025-08-06
CRM000565,Bronze,2024-03-26
CRM000566,Bronze,2024-08-01
CRM000567,Bronze,2026-03-23
CRM000568,Bronze,2024-07-16
CRM000569,Bronze,2025-06-04
CRM000570,Bronze,2024-04-29
CRM000571,Bronze,2024-09-16
CRM000572,Bronze,2024-06-28
CRM000573,Bronze,2025-01-14
CRM000574,Bronze,2024-10-05
CRM000575,Bronze,2025-01-20
CRM000575,Gold,2026-02-12
CRM000576,Bronze,2025-08-02
CRM000577,Bronze,2026-03-12
CRM000578,Bronze,2025-04-27
CRM000578,Gold,2025-11-11
CRM000579,Bronze,2024-11-07
CRM000580,Bronze,2025-12-21
CRM000581,Bronze,2025-01-15
CRM000582,Bronze,2025-06-22
CRM000583,Bronze,2025-08-07
CRM000584,Bronze,2025-01-04
CRM000585,Bronze,2025-03-10
CRM000586,Bronze,2025-08-01
CRM000587,Bronze,2026-02-24
CRM000588,Bronze,2024-04-06
CRM000589,Bronze,2025-02-09
CRM000590,Bronze,2025-02-26
CRM000590,Silver,2025-06-22
CRM000590,Gold,2025-10-05
CRM000591,Bronze,2024-06-18
CRM000592,Bronze,2025-05-02
CRM000593,Bronze,2025-04-23
CRM000594,Bronze,2025-04-17
CRM000595,Bronze,2024-08-18
CRM000596,Bronze,2026-03-08
CRM000597,Bronze,2024-02-18
CRM000598,Bronze,2024-06-07
CRM000598,Gold,2025-06-12
CRM000599,Bronze,2024-07-22
CRM000599,Gold,2024-11-12
CRM000600,Bronze,2025-02-06
CRM000601,Bronze,2025-11-19
CRM000602,Bronze,2025-12-17
CRM000603,Bronze,2024-02-15
CRM000604,Bronze,2024-11-29
CRM000604,Silver,2025-09-04
CRM000605,Bronze,2024-02-23
CRM000605,Gold,2024-12-05
CRM000606,Bronze,2025-10-02
CRM000607,Bronze,2025-08-17
CRM000608,Bronze,2024-01-31
CRM000609,Bronze,2026-01-22
CRM000610,Bronze,2024-10-06
CRM000610,Silver,2025-12-30
CRM000611,Bronze,2024-04-01
CRM000611,Silver,2025-03-24
CRM000612,Bronze,2024-09-04
CRM000613,Bronze,2024-03-27
CRM000614,Bronze,2024-09-30
CRM000615,Bronze,2024-02-13
CRM000615,Silver,2025-05-17
CRM000616,Bronze,2024-08-08
CRM000617,Bronze,2024-09-29
CRM000617,Silver,2025-04-22
CRM000618,Bronze,2024-12-05
CRM000618,Gold,2026-04-11
CRM000619,Bronze,2024-11-08
CRM000619,Gold,2025-10-13
CRM000620,Bronze,2024-02-04
CRM000621,Bronze,2025-07-20
CRM000622,Bronze,2025-06-06
CRM000623,Bronze,2025-11-09
CRM000624,Bronze,2025-07-08
CRM000625,Bronze,2025-04-02
CRM000626,Bronze,2024-02-20
CRM000627,Bronze,2024-06-10
CRM000628,Bronze,2025-06-22
CRM000629,Bronze,2024-01-18
CRM000630,Bronze,2025-02-02
CRM000631,Bronze,2025-11-11
CRM000632,Bronze,2025-08-11
CRM000632,Silver,2026-02-04
CRM000633,Bronze,2024-12-16
CRM000633,Silver,2026-01-15
CRM000634,Bronze,2024-02-01
CRM000634,Gold,2025-05-13
CRM000635,Bronze,2024-09-21
CRM000636,Bronze,2025-06-08
CRM000637,Bronze,2024-09-13
CRM000637,Gold,2025-03-14
CRM000638,Bronze,2025-05-29
CRM000639,Bronze,2025-02-16
CRM000640,Bronze,2024-03-18
CRM000641,Bronze,2025-07-14
CRM000642,Bronze,2026-01-16
CRM000643,Bronze,2025-03-29
CRM000643,Gold,2025-07-03
CRM000644,Bronze,2026-01-01
CRM000645,Bronze,2025-08-25
CRM000645,Gold,2025-12-01
CRM000646,Bronze,2025-11-23
CRM000646,Silver,2026-04-01
CRM000647,Bronze,2024-12-17
CRM000648,Bronze,2024-05-30
CRM000649,Bronze,2024-12-19
CRM000650,Bronze,2026-01-07
CRM000651,Bronze,2025-09-05
CRM000652,Bronze,2024-09-25
CRM000653,Bronze,2025-10-19
CRM000654,Bronze,2024-08-17
CRM000655,Bronze,2025-08-25
CRM000656,Bronze,2025-12-12
CRM000656,Silver,2026-02-24
CRM000657,Bronze,2024-08-20
CRM000658,Bronze,2024-06-05
CRM000659,Bronze,2025-08-18
CRM000660,Bronze,2025-03-03
CRM000660,Gold,2025-06-28
CRM000661,Bronze,2025-05-29
CRM000662,Bronze,2025-08-01
CRM000663,Bronze,2026-02-02
CRM000664,Bronze,2025-04-11
CRM000664,Gold,2025-12-26
CRM000665,Bronze,2025-10-09
CRM000666,Bronze,2024-11-24
CRM000667,Bronze,2024-03-28
CRM000668,Bronze,2026-02-26
CRM000669,Bronze,2024-11-07
CRM000670,Bronze,2025-07-13
CRM000670,Silver,2026-02-22
CRM000671,Bronze,2026-02-23
CRM000672,Bronze,2025-08-01
CRM000672,Gold,2025-12-05
CRM000673,Bronze,2025-06-27
CRM000674,Bronze,2024-02-12
CRM000674,Gold,2024-10-02
CRM000675,Bronze,2024-12-09
CRM000676,Bronze,2025-09-28
CRM000676,Silver,2026-03-13
CRM000677,Bronze,2024-09-26
CRM000678,Bronze,2025-04-19
CRM000679,Bronze,2025-06-25
CRM000680,Bronze,2026-03-19
CRM000681,Bronze,2025-08-04
CRM000682,Bronze,2024-06-16
CRM000682,Silver,2024-10-29
CRM000683,Bronze,2025-05-20
CRM000684,Bronze,2026-03-14
CRM000685,Bronze,2025-05-11
CRM000686,Bronze,2025-02-07
CRM000687,Bronze,2024-10-22
CRM000688,Bronze,2026-01-09
CRM000689,Bronze,2024-10-08
CRM000690,Bronze,2025-02-05
CRM000691,Bronze,2024-05-18
CRM000692,Bronze,2025-05-29
CRM000693,Bronze,2025-12-31
CRM000694,Bronze,2026-02-16
CRM000695,Bronze,2025-10-03
CRM000696,Bronze,2025-09-27
CRM000697,Bronze,2024-10-07
CRM000698,Bronze,2024-10-01
CRM000698,Gold,2026-01-01
CRM000699,Bronze,2025-02-28
CRM000700,Bronze,2026-01-30
CRM000701,Bronze,2025-11-04
CRM000702,Bronze,2025-08-18
CRM000703,Bronze,2025-05-15
CRM000704,Bronze,2024-01-07
CRM000705,Bronze,2025-06-18
CRM000706,Bronze,2025-04-20
CRM000707,Bronze,2025-12-09
CRM000708,Bronze,2024-07-26
CRM000708,Gold,2025-11-13
CRM000709,Bronze,2025-09-18
CRM000710,Bronze,2024-02-04
CRM000711,Bronze,2024-02-28
CRM000712,Bronze,2024-03-16
CRM000713,Bronze,2024-06-28
CRM000714,Bronze,2025-01-27
CRM000715,Bronze,2024-01-15
CRM000716,Bronze,2024-08-01
CRM000716,Silver,2025-04-28
CRM000716,Gold,2025-10-02
CRM000717,Bronze,2024-06-14
CRM000718,Bronze,2024-11-09
CRM000719,Bronze,2024-03-02
CRM000720,Bronze,2024-12-30
CRM000721,Bronze,2026-02-06
CRM000722,Bronze,2024-12-25
CRM000723,Bronze,2024-06-04
CRM000724,Bronze,2025-04-30
CRM000725,Bronze,2024-01-16
CRM000726,Bronze,2025-11-10
CRM000727,Bronze,2024-10-11
CRM000728,Bronze,2025-08-22
CRM000729,Bronze,2024-07-24
CRM000730,Bronze,2025-10-08
CRM000731,Bronze,2025-08-12
CRM000732,Bronze,2026-01-28
CRM000733,Bronze,2025-02-10
CRM000734,Bronze,2024-12-13
CRM000735,Bronze,2025-01-21
CRM000735,Silver,2026-03-02
CRM000736,Bronze,2024-03-25
CRM000737,Bronze,2026-02-09
CRM000738,Bronze,2025-05-29
CRM000739,Bronze,2025-08-11
CRM000740,Bronze,2025-11-27
CRM000741,Bronze,2026-02-11
CRM000742,Bronze,2025-10-02
CRM000743,Bronze,2025-04-18
CRM000744,Bronze,2025-07-18
CRM000745,Bronze,2026-01-04
CRM000746,Bronze,2024-05-31
CRM000746,Gold,2025-06-19
CRM000747,Bronze,2025-07-05
CRM000747,Gold,2026-01-14
CRM000748,Bronze,2024-09-12
CRM000749,Bronze,2024-10-31
CRM000750,Bronze,2024-10-23
CRM000751,Bronze,2024-07-10
CRM000752,Bronze,2024-07-28
CRM000753,Bronze,2026-01-20
CRM000754,Bronze,2024-07-18
CRM000755,Bronze,2025-10-12
CRM000755,Silver,2025-12-19
CRM000756,Bronze,2025-06-16
CRM000757,Bronze,2026-03-06
CRM000758,Bronze,2024-12-03
CRM000759,Bronze,2024-07-25
CRM000760,Bronze,2025-05-15
CRM000761,Bronze,2025-10-10
CRM000762,Bronze,2026-03-23
CRM000763,Bronze,2024-03-28
CRM000764,Bronze,2025-01-24
CRM000765,Bronze,2024-02-20
CRM000765,Silver,2024-08-01
CRM000766,Bronze,2024-12-14
CRM000766,Silver,2026-04-13
CRM000767,Bronze,2025-03-22
CRM000768,Bronze,2025-10-09
CRM000769,Bronze,2025-01-25
CRM000770,Bronze,2025-07-25
CRM000771,Bronze,2025-11-28
CRM000772,Bronze,2026-03-09
CRM000773,Bronze,2025-02-14
CRM000774,Bronze,2025-12-25
CRM000774,Silver,2026-04-04
CRM000775,Bronze,2024-03-20
CRM000776,Bronze,2025-07-10
CRM000777,Bronze,2024-10-12
CRM000778,Bronze,2025-09-18
CRM000779,Bronze,2025-05-30
CRM000780,Bronze,2026-01-07
CRM000781,Bronze,2025-06-21
CRM000782,Bronze,2025-05-13
CRM000783,Bronze,2025-03-15
CRM000784,Bronze,2025-11-23
CRM000785,Bronze,2026-03-09
CRM000786,Bronze,2024-01-12
CRM000787,Bronze,2025-10-20
CRM000788,Bronze,2024-08-26
CRM000789,Bronze,2024-04-23
CRM000790,Bronze,2024-12-19
CRM000790,Gold,2025-07-05
CRM000791,Bronze,2025-09-20
CRM000792,Bronze,2024-07-02
CRM000793,Bronze,2024-04-22
CRM000793,Gold,2025-01-08
CRM000794,Bronze,2025-04-13
CRM000794,Gold,2025-09-05
CRM000795,Bronze,2025-09-05
CRM000796,Bronze,2024-12-07
CRM000797,Bronze,2024-08-11
CRM000797,Silver,2025-12-11
CRM000798,Bronze,2024-08-07
CRM000798,Gold,2026-03-15
CRM000799,Bronze,2025-09-04
CRM000800,Bronze,2025-06-18
CRM000801,Bronze,2024-12-08
CRM000801,Silver,2025-12-29
CRM000802,Bronze,2024-03-25
CRM000803,Bronze,2025-03-27
CRM000804,Bronze,2026-01-26
CRM000805,Bronze,2025-03-18
CRM000806,Bronze,2025-12-01
CRM000807,Bronze,2025-07-20
CRM000808,Bronze,2025-01-17
CRM000808,Silver,2025-03-28
CRM000809,Bronze,2024-07-27
CRM000809,Gold,2026-01-19
CRM000810,Bronze,2025-11-22
CRM000811,Bronze,2024-06-18
CRM000812,Bronze,2024-11-01
CRM000812,Gold,2026-01-19
CRM000813,Bronze,2026-02-26
CRM000814,Bronze,2024-02-26
CRM000815,Bronze,2025-09-01
CRM000816,Bronze,2026-02-17
CRM000817,Bronze,2024-01-17
CRM000818,Bronze,2025-11-24
CRM000819,Bronze,2024-03-03
CRM000820,Bronze,2025-02-14
CRM000821,Bronze,2025-07-15
CRM000822,Bronze,2025-05-18
CRM000823,Bronze,2024-09-27
CRM000824,Bronze,2024-04-30
CRM000824,Silver,2025-05-21
CRM000824,Gold,2025-09-23
CRM000825,Bronze,2025-09-22
CRM000826,Bronze,2024-01-11
CRM000826,Silver,2024-05-26
CRM000827,Bronze,2024-04-29
CRM000827,Silver,2025-02-25
CRM000828,Bronze,2024-10-17
CRM000828,Gold,2024-12-29
CRM000829,Bronze,2025-05-27
CRM000830,Bronze,2024-11-23
CRM000831,Bronze,2024-03-08
CRM000831,Gold,2025-08-21
CRM000832,Bronze,2026-03-07
CRM000833,Bronze,2025-02-05
CRM000833,Silver,2025-08-08
CRM000834,Bronze,2024-01-29
CRM000834,Silver,2024-06-20
CRM000834,Gold,2024-10-04
CRM000835,Bronze,2025-11-28
CRM000836,Bronze,2025-09-30
CRM000836,Gold,2026-02-18
CRM000837,Bronze,2026-03-04
CRM000838,Bronze,2024-04-16
CRM000839,Bronze,2024-01-26
CRM000840,Bronze,2024-05-29
CRM000840,Silver,2025-12-17
CRM000841,Bronze,2024-07-01
CRM000842,Bronze,2024-01-02
CRM000843,Bronze,2025-07-29
CRM000844,Bronze,2025-08-15
CRM000845,Bronze,2025-01-30
CRM000846,Bronze,2025-09-26
CRM000847,Bronze,2026-03-22
CRM000848,Bronze,2024-11-15
CRM000849,Bronze,2024-08-28
CRM000850,Bronze,2025-10-19
CRM000851,Bronze,2025-10-03
CRM000852,Bronze,2026-01-21
CRM000853,Bronze,2024-08-02
CRM000853,Gold,2025-11-09
CRM000854,Bronze,2024-09-08
CRM000855,Bronze,2024-03-21
CRM000856,Bronze,2026-01-02
CRM000857,Bronze,2024-12-10
CRM000857,Silver,2026-01-27
CRM000858,Bronze,2026-03-20
CRM000859,Bronze,2026-02-06
CRM000860,Bronze,2024-10-29
CRM000860,Silver,2025-06-11
CRM000860,Gold,2026-04-19
CRM000861,Bronze,2024-02-26
CRM000862,Bronze,2025-03-04
CRM000863,Bronze,2024-11-07
CRM000864,Bronze,2025-03-17
CRM000865,Bronze,2024-12-17
CRM000866,Bronze,2024-01-08
CRM000866,Gold,2024-06-06
CRM000867,Bronze,2024-04-22
CRM000868,Bronze,2025-02-04
CRM000869,Bronze,2026-01-21
CRM000870,Bronze,2025-12-16
CRM000871,Bronze,2024-04-14
CRM000872,Bronze,2025-10-02
CRM000873,Bronze,2025-03-22
CRM000874,Bronze,2024-10-04
CRM000875,Bronze,2025-02-21
CRM000876,Bronze,2024-11-06
CRM000877,Bronze,2024-12-22
CRM000878,Bronze,2024-07-05
CRM000879,Bronze,2024-03-06
CRM000880,Bronze,2025-03-02
CRM000881,Bronze,2024-07-18
CRM000882,Bronze,2024-02-20
CRM000882,Silver,2024-10-11
CRM000883,Bronze,2024-07-05
CRM000884,Bronze,2024-01-14
CRM000885,Bronze,2024-06-05
CRM000886,Bronze,2025-02-12
CRM000887,Bronze,2025-07-22
CRM000888,Bronze,2025-08-01
CRM000889,Bronze,2024-07-22
CRM000890,Bronze,2025-02-23
CRM000891,Bronze,2024-08-14
CRM000891,Gold,2025-11-11
CRM000892,Bronze,2025-10-16
CRM000893,Bronze,2025-01-24
CRM000894,Bronze,2024-09-10
CRM000895,Bronze,2024-05-29
CRM000896,Bronze,2025-07-13
CRM000897,Bronze,2025-10-01
CRM000898,Bronze,2024-09-28
CRM000898,Silver,2025-05-22
CRM000899,Bronze,2026-03-03
CRM000900,Bronze,2025-03-21
CRM000901,Bronze,2025-06-08
CRM000902,Bronze,2024-09-08
CRM000902,Gold,2026-03-31
CRM000903,Bronze,2025-03-28
CRM000903,Silver,2026-03-07
CRM000904,Bronze,2025-07-18
CRM000905,Bronze,2024-10-12
CRM000906,Bronze,2024-05-04
CRM000907,Bronze,2024-04-09
CRM000907,Gold,2024-08-08
CRM000908,Bronze,2026-03-24
CRM000909,Bronze,2024-08-29
CRM000909,Gold,2025-09-24
CRM000910,Bronze,2025-01-19
CRM000911,Bronze,2026-03-29
CRM000912,Bronze,2026-01-09
CRM000913,Bronze,2024-07-28
CRM000914,Bronze,2025-12-10
CRM000915,Bronze,2025-04-26
CRM000916,Bronze,2025-04-23
CRM000917,Bronze,2024-01-17
CRM000918,Bronze,2025-12-29
CRM000919,Bronze,2024-01-15
CRM000920,Bronze,2024-01-12
CRM000921,Bronze,2025-11-10
CRM000922,Bronze,2024-12-08
CRM000923,Bronze,2025-02-26
CRM000924,Bronze,2024-04-16
CRM000925,Bronze,2025-12-08
CRM000926,Bronze,2024-10-18
CRM000926,Silver,2026-04-15
CRM000927,Bronze,2024-02-04
CRM000928,Bronze,2025-11-12
CRM000929,Bronze,2024-01-23
CRM000930,Bronze,2026-02-13
CRM000931,Bronze,2024-08-14
CRM000932,Bronze,2025-12-31
CRM000933,Bronze,2024-07-08
CRM000934,Bronze,2025-01-18
CRM000935,Bronze,2024-05-25
CRM000935,Gold,2025-07-07
CRM000936,Bronze,2025-04-29
CRM000937,Bronze,2024-07-08
CRM000938,Bronze,2024-03-21
CRM000939,Bronze,2025-11-05
CRM000940,Bronze,2024-07-04
CRM000941,Bronze,2026-01-08
CRM000942,Bronze,2025-01-21
CRM000943,Bronze,2024-04-03
CRM000944,Bronze,2024-07-14
CRM000945,Bronze,2025-06-23
CRM000946,Bronze,2025-08-09
CRM000947,Bronze,2026-01-23
CRM000948,Bronze,2026-01-31
CRM000949,Bronze,2025-05-17
CRM000950,Bronze,2024-09-06
CRM000950,Silver,2025-09-30
CRM000951,Bronze,2025-02-13
CRM000952,Bronze,2026-02-24
CRM000953,Bronze,2025-07-19
CRM000954,Bronze,2024-04-08
CRM000955,Bronze,2026-02-11
CRM000956,Bronze,2025-05-16
CRM000957,Bronze,2026-03-23
CRM000958,Bronze,2024-02-18
CRM000958,Gold,2024-09-11
CRM000959,Bronze,2024-02-19
CRM000960,Bronze,2025-02-01
CRM000960,Silver,2025-12-10
CRM000961,Bronze,2024-04-20
CRM000962,Bronze,2024-04-04
CRM000963,Bronze,2024-03-31
CRM000964,Bronze,2024-05-01
CRM000964,Gold,2025-04-05
CRM000965,Bronze,2024-12-24
CRM000966,Bronze,2025-01-21
CRM000967,Bronze,2025-10-06
CRM000968,Bronze,2025-10-25
CRM000969,Bronze,2026-02-23
CRM000970,Bronze,2025-11-19
CRM000971,Bronze,2025-10-30
CRM000971,Silver,2026-03-01
CRM000972,Bronze,2024-11-28
CRM000973,Bronze,2025-11-26
CRM000974,Bronze,2024-01-26
CRM000975,Bronze,2024-12-10
CRM000976,Bronze,2026-03-05
CRM000977,Bronze,2025-12-16
CRM000978,Bronze,2025-01-23
CRM000979,Bronze,2025-09-13
CRM000980,Bronze,2024-09-25
CRM000981,Bronze,2025-04-11
CRM000982,Bronze,2025-06-03
CRM000983,Bronze,2024-01-18
CRM000984,Bronze,2026-03-25
CRM000985,Bronze,2024-12-08
CRM000986,Bronze,2026-02-23
CRM000987,Bronze,2024-08-17
CRM000988,Bronze,2024-03-17
CRM000988,Gold,2025-08-23
CRM000989,Bronze,2026-02-18
CRM000990,Bronze,2024-11-03
CRM000991,Bronze,2026-03-25
CRM000992,Bronze,2025-05-17
CRM000993,Bronze,2025-10-04
CRM000994,Bronze,2025-06-19
CRM000995,Bronze,2025-06-27
CRM000996,Bronze,2024-12-28
CRM000997,Bronze,2024-05-13
CRM000998,Bronze,2024-08-17
CRM000999,Bronze,2025-11-30
CRM001000,Bronze,2024-11-25
CRM001001,Bronze,2024-08-07
CRM001002,Bronze,2026-03-29
CRM001003,Bronze,2024-11-07
CRM001003,Gold,2025-10-22
CRM001004,Bronze,2024-01-13
CRM001005,Bronze,2024-01-30
CRM001006,Bronze,2026-02-28
CRM001007,Bronze,2024-05-16
CRM001007,Gold,2024-11-27
CRM001008,Bronze,2024-02-03
CRM001008,Silver,2024-06-11
CRM001008,Gold,2025-05-04
CRM001009,Bronze,2025-09-03
CRM001010,Bronze,2025-06-30
CRM001011,Bronze,2025-03-04
CRM001012,Bronze,2025-03-11
CRM001013,Bronze,2024-08-01
CRM001014,Bronze,2024-12-19
CRM001015,Bronze,2025-05-26
CRM001016,Bronze,2024-08-03
CRM001017,Bronze,2026-03-24
CRM001018,Bronze,2025-05-08
CRM001019,Bronze,2024-08-14
CRM001020,Bronze,2025-04-16
CRM001020,Silver,2025-09-14
CRM001021,Bronze,2024-06-14
CRM001021,Silver,2025-05-07
CRM001022,Bronze,2025-02-18
CRM001023,Bronze,2024-12-24
CRM001023,Gold,2025-10-10
CRM001024,Bronze,2026-01-10
CRM001025,Bronze,2025-08-24
CRM001026,Bronze,2024-12-17
CRM001027,Bronze,2024-12-11
CRM001028,Bronze,2024-10-02
CRM001028,Gold,2025-10-24
CRM001029,Bronze,2025-01-18
CRM001030,Bronze,2025-08-13
CRM001031,Bronze,2026-03-26
CRM001032,Bronze,2025-12-02
CRM001033,Bronze,2025-09-06
CRM001033,Gold,2025-11-29
CRM001034,Bronze,2024-03-17
CRM001035,Bronze,2025-03-20
CRM001035,Silver,2025-06-24
CRM001036,Bronze,2024-03-25
CRM001036,Gold,2024-08-14
CRM001037,Bronze,2025-12-02
CRM001038,Bronze,2024-07-29
CRM001039,Bronze,2024-10-04
CRM001040,Bronze,2025-01-23
CRM001040,Gold,2025-03-31
CRM001041,Bronze,2024-06-26
CRM001041,Gold,2025-09-12
CRM001042,Bronze,2025-08-19
CRM001043,Bronze,2025-08-14
CRM001044,Bronze,2024-08-21
CRM001044,Gold,2025-05-08
CRM001045,Bronze,2025-04-23
CRM001046,Bronze,2024-10-07
CRM001047,Bronze,2025-01-28
CRM001048,Bronze,2024-01-09
CRM001049,Bronze,2026-01-08
CRM001050,Bronze,2024-01-11
CRM001051,Bronze,2024-11-18
CRM001052,Bronze,2025-06-26
CRM001053,Bronze,2025-04-08
CRM001053,Silver,2025-09-30
CRM001054,Bronze,2024-10-03
CRM001054,Silver,2025-06-30
CRM001055,Bronze,2024-10-02
CRM001056,Bronze,2025-04-09
CRM001056,Gold,2026-01-13
CRM001057,Bronze,2024-04-10
CRM001058,Bronze,2025-03-02
CRM001058,Gold,2025-12-22
CRM001059,Bronze,2024-11-20
CRM001059,Gold,2025-02-12
CRM001060,Bronze,2024-05-16
CRM001060,Gold,2025-01-16
CRM001061,Bronze,2025-05-06
CRM001062,Bronze,2026-02-10
CRM001063,Bronze,2024-12-27
CRM001064,Bronze,2024-02-07
CRM001065,Bronze,2025-10-06
CRM001066,Bronze,2024-11-25
CRM001067,Bronze,2024-04-15
CRM001068,Bronze,2025-06-01
CRM001069,Bronze,2025-05-28
CRM001070,Bronze,2024-07-29
CRM001071,Bronze,2025-12-19
CRM001072,Bronze,2025-05-05
CRM001072,Silver,2025-10-21
CRM001073,Bronze,2025-05-30
CRM001074,Bronze,2025-06-10
CRM001075,Bronze,2025-08-28
CRM001076,Bronze,2025-05-03
CRM001077,Bronze,2026-02-11
CRM001078,Bronze,2026-03-26
CRM001079,Bronze,2024-11-09
CRM001080,Bronze,2024-08-27
CRM001080,Gold,2024-12-19
CRM001081,Bronze,2025-05-23
CRM001081,Gold,2026-02-02
CRM001082,Bronze,2024-07-25
CRM001083,Bronze,2026-03-22
CRM001084,Bronze,2024-05-15
CRM001084,Gold,2024-08-05
CRM001085,Bronze,2025-04-30
CRM001086,Bronze,2024-11-07
CRM001087,Bronze,2025-11-16
CRM001088,Bronze,2025-03-01
CRM001088,Silver,2025-11-25
CRM001089,Bronze,2025-06-28
CRM001090,Bronze,2025-03-16
CRM001091,Bronze,2025-06-10
CRM001092,Bronze,2026-01-01
CRM001093,Bronze,2024-05-13
CRM001093,Gold,2025-03-09
CRM001094,Bronze,2025-11-23
CRM001095,Bronze,2024-05-02
CRM001096,Bronze,2024-05-24
CRM001097,Bronze,2025-12-23
CRM001098,Bronze,2025-02-04
CRM001098,Silver,2025-09-08
CRM001099,Bronze,2025-12-05
CRM001100,Bronze,2025-06-29
CRM001101,Bronze,2024-07-16
CRM001102,Bronze,2024-04-20
CRM001102,Silver,2024-07-02
CRM001103,Bronze,2025-10-04
CRM001104,Bronze,2026-01-19
CRM001105,Bronze,2025-10-31
CRM001106,Bronze,2025-01-01
CRM001107,Bronze,2024-06-26
CRM001107,Silver,2025-05-25
CRM001108,Bronze,2024-05-31
CRM001109,Bronze,2024-06-17
CRM001109,Silver,2025-11-17
CRM001110,Bronze,2024-04-05
CRM001110,Gold,2025-08-23
CRM001111,Bronze,2024-01-01
CRM001112,Bronze,2025-03-28
CRM001113,Bronze,2025-05-06
CRM001114,Bronze,2025-06-18
CRM001114,Gold,2025-11-15
CRM001115,Bronze,2025-09-19
CRM001116,Bronze,2024-03-23
CRM001117,Bronze,2024-02-18
CRM001117,Silver,2025-05-03
CRM001118,Bronze,2025-08-17
CRM001119,Bronze,2024-09-26
CRM001120,Bronze,2025-07-13
CRM001121,Bronze,2024-01-19
CRM001122,Bronze,2026-01-26
CRM001123,Bronze,2025-10-08
CRM001124,Bronze,2025-12-06
CRM001125,Bronze,2024-12-16
CRM001126,Bronze,2025-01-02
CRM001127,Bronze,2025-07-24
CRM001128,Bronze,2026-01-18
CRM001129,Bronze,2025-12-23
CRM001130,Bronze,2024-05-01
CRM001131,Bronze,2025-06-17
CRM001132,Bronze,2026-03-07
CRM001133,Bronze,2025-04-02
CRM001134,Bronze,2025-04-17
CRM001135,Bronze,2026-01-05
CRM001135,Gold,2026-04-18
CRM001136,Bronze,2024-02-12
CRM001137,Bronze,2024-04-29
CRM001138,Bronze,2025-03-03
CRM001139,Bronze,2024-08-22
CRM001140,Bronze,2025-01-01
CRM001141,Bronze,2024-08-13
CRM001142,Bronze,2025-01-04
CRM001142,Silver,2025-07-25
CRM001143,Bronze,2025-06-20
CRM001144,Bronze,2024-09-17
CRM001145,Bronze,2024-12-28
CRM001146,Bronze,2024-08-13
CRM001147,Bronze,2025-08-16
CRM001148,Bronze,2025-07-03
CRM001149,Bronze,2025-02-18
CRM001150,Bronze,2025-01-10
CRM001150,Silver,2025-08-26
CRM001151,Bronze,2024-10-06
CRM001152,Bronze,2024-01-19
CRM001153,Bronze,2024-12-06
CRM001154,Bronze,2024-02-06
CRM001155,Bronze,2024-12-02
CRM001156,Bronze,2024-07-20
CRM001157,Bronze,2024-10-13
CRM001158,Bronze,2025-12-05
CRM001159,Bronze,2024-09-08
CRM001159,Gold,2025-11-01
CRM001160,Bronze,2025-08-26
CRM001161,Bronze,2025-11-15
CRM001162,Bronze,2024-10-04
CRM001162,Silver,2026-03-12
CRM001163,Bronze,2025-10-31
CRM001164,Bronze,2025-02-06
CRM001164,Silver,2025-04-07
CRM001165,Bronze,2025-01-24
CRM001166,Bronze,2024-01-02
CRM001167,Bronze,2025-05-27
CRM001168,Bronze,2026-02-01
CRM001169,Bronze,2024-12-16
CRM001170,Bronze,2025-07-11
CRM001170,Silver,2025-12-16
CRM001170,Gold,2026-03-01
CRM001171,Bronze,2024-05-20
CRM001171,Silver,2025-02-16
CRM001172,Bronze,2025-03-26
CRM001173,Bronze,2025-08-19
CRM001174,Bronze,2025-07-12
CRM001175,Bronze,2024-02-25
CRM001176,Bronze,2024-04-07
CRM001177,Bronze,2025-11-28
CRM001178,Bronze,2024-03-07
CRM001179,Bronze,2024-08-19
CRM001180,Bronze,2024-08-07
CRM001181,Bronze,2024-03-12
CRM001181,Gold,2025-07-23
CRM001182,Bronze,2024-03-18
CRM001183,Bronze,2024-04-09
CRM001184,Bronze,2024-12-08
CRM001185,Bronze,2025-09-16
CRM001186,Bronze,2024-03-11
CRM001187,Bronze,2025-03-01
CRM001188,Bronze,2025-07-28
CRM001189,Bronze,2024-03-04
CRM001190,Bronze,2026-01-26
CRM001191,Bronze,2025-03-16
CRM001192,Bronze,2024-08-10
CRM001192,Gold,2025-10-03
CRM001193,Bronze,2024-09-28
CRM001194,Bronze,2026-02-15
CRM001195,Bronze,2024-01-08
CRM001196,Bronze,2024-05-28
CRM001197,Bronze,2024-11-19
CRM001197,Silver,2025-10-03
CRM001198,Bronze,2026-01-06
CRM001199,Bronze,2025-07-19
CRM001200,Bronze,2025-12-04
CRM001201,Bronze,2024-09-02
CRM001201,Silver,2026-02-24
CRM001202,Bronze,2025-11-22
CRM001203,Bronze,2025-05-20
CRM001204,Bronze,2024-06-01
CRM001205,Bronze,2024-12-08
CRM001206,Bronze,2024-08-13
CRM001206,Silver,2025-02-20
CRM001207,Bronze,2025-08-03
CRM001208,Bronze,2024-11-10
CRM001209,Bronze,2025-03-11
CRM001210,Bronze,2024-09-22
CRM001211,Bronze,2024-08-31
CRM001212,Bronze,2024-12-22
CRM001213,Bronze,2026-01-05
CRM001214,Bronze,2025-01-18
CRM001214,Gold,2025-07-17
CRM001215,Bronze,2024-08-19
CRM001215,Gold,2026-01-23
CRM001216,Bronze,2026-01-01
CRM001217,Bronze,2025-09-04
CRM001218,Bronze,2025-01-08
CRM001219,Bronze,2024-07-25
CRM001220,Bronze,2026-01-15
CRM001221,Bronze,2024-02-07
CRM001221,Gold,2025-08-13
CRM001222,Bronze,2025-07-29
CRM001223,Bronze,2025-06-01
CRM001224,Bronze,2024-11-17
CRM001225,Bronze,2025-07-19
CRM001226,Bronze,2024-03-04
CRM001227,Bronze,2024-04-14
CRM001227,Silver,2024-12-17
CRM001228,Bronze,2025-01-05
CRM001229,Bronze,2024-11-21
CRM001230,Bronze,2025-02-19
CRM001231,Bronze,2024-04-08
CRM001232,Bronze,2026-03-29
CRM001233,Bronze,2025-07-25
CRM001233,Silver,2026-03-10
CRM001234,Bronze,2024-05-15
CRM001235,Bronze,2024-06-18
CRM001236,Bronze,2024-08-21
CRM001237,Bronze,2024-07-24
CRM001238,Bronze,2024-02-03
CRM001238,Gold,2025-09-22
CRM001239,Bronze,2026-03-18
CRM001240,Bronze,2025-05-21
CRM001241,Bronze,2024-07-23
CRM001241,Gold,2025-12-11
CRM001242,Bronze,2025-07-31
CRM001242,Gold,2025-12-27
CRM001243,Bronze,2025-03-17
CRM001244,Bronze,2024-10-10
CRM001245,Bronze,2024-06-30
CRM001246,Bronze,2025-07-28
CRM001247,Bronze,2024-08-17
CRM001247,Silver,2025-03-05
CRM001247,Gold,2025-06-17
CRM001248,Bronze,2024-07-07
CRM001249,Bronze,2025-05-12
CRM001250,Bronze,2025-03-26
CRM001251,Bronze,2025-11-17
CRM001252,Bronze,2024-08-04
CRM001253,Bronze,2025-09-15
CRM001253,Silver,2026-01-21
CRM001254,Bronze,2025-05-21
CRM001254,Silver,2025-08-29
CRM001254,Gold,2026-03-30
CRM001255,Bronze,2024-12-11
CRM001255,Silver,2026-03-16
CRM001256,Bronze,2025-11-22
CRM001257,Bronze,2024-10-29
CRM001258,Bronze,2024-08-17
CRM001259,Bronze,2024-01-19
CRM001260,Bronze,2024-05-16
CRM001260,Gold,2024-12-02
CRM001261,Bronze,2025-03-24
CRM001262,Bronze,2024-05-13
CRM001263,Bronze,2025-06-05
CRM001264,Bronze,2025-09-28
CRM001265,Bronze,2025-12-18
CRM001266,Bronze,2025-08-16
CRM001266,Gold,2026-04-09
CRM001267,Bronze,2025-04-17
CRM001268,Bronze,2024-01-04
CRM001269,Bronze,2025-03-22
CRM001270,Bronze,2024-07-04
CRM001270,Silver,2025-01-10
CRM001271,Bronze,2025-07-15
CRM001272,Bronze,2026-01-09
CRM001273,Bronze,2024-01-28
CRM001273,Silver,2024-09-12
CRM001274,Bronze,2025-12-17
CRM001275,Bronze,2025-02-27
CRM001276,Bronze,2025-03-29
CRM001277,Bronze,2024-10-11
CRM001278,Bronze,2025-05-06
CRM001279,Bronze,2025-06-30
CRM001280,Bronze,2025-08-02
CRM001281,Bronze,2024-06-08
CRM001282,Bronze,2026-03-27
CRM001283,Bronze,2024-04-28
CRM001284,Bronze,2025-04-29
CRM001285,Bronze,2026-03-23
CRM001286,Bronze,2024-07-03
CRM001287,Bronze,2024-07-13
CRM001287,Gold,2026-02-14
CRM001288,Bronze,2024-06-22
CRM001289,Bronze,2024-11-01
CRM001290,Bronze,2025-01-28
CRM001291,Bronze,2024-07-11
CRM001291,Gold,2024-11-24
CRM001292,Bronze,2025-06-30
CRM001293,Bronze,2025-06-24
CRM001294,Bronze,2024-04-16
CRM001295,Bronze,2024-10-24
CRM001296,Bronze,2026-02-22
CRM001297,Bronze,2025-11-13
CRM001298,Bronze,2025-10-20
CRM001299,Bronze,2025-05-03
CRM001300,Bronze,2026-02-09
CRM001301,Bronze,2024-03-04
CRM001302,Bronze,2025-03-16
CRM001303,Bronze,2025-09-24
CRM001304,Bronze,2025-07-24
CRM001305,Bronze,2025-11-11
CRM001306,Bronze,2025-09-05
CRM001307,Bronze,2025-07-19
CRM001308,Bronze,2024-07-09
CRM001309,Bronze,2025-02-28
CRM001310,Bronze,2025-09-20
CRM001311,Bronze,2024-06-16
CRM001312,Bronze,2024-07-28
CRM001313,Bronze,2024-02-11
CRM001314,Bronze,2024-05-29
CRM001315,Bronze,2025-04-01
CRM001316,Bronze,2025-06-17
CRM001317,Bronze,2024-07-04
CRM001318,Bronze,2025-12-15
CRM001319,Bronze,2025-04-15
CRM001320,Bronze,2025-04-30
CRM001321,Bronze,2026-02-01
CRM001322,Bronze,2024-08-30
CRM001322,Gold,2025-07-30
CRM001323,Bronze,2025-08-09
CRM001324,Bronze,2024-04-05
CRM001325,Bronze,2025-06-25
CRM001326,Bronze,2024-05-31
CRM001327,Bronze,2024-03-28
CRM001328,Bronze,2025-04-29
CRM001329,Bronze,2025-06-08
CRM001330,Bronze,2025-10-18
CRM001331,Bronze,2025-12-30
CRM001332,Bronze,2025-08-29
CRM001333,Bronze,2024-11-15
CRM001333,Silver,2026-03-24
CRM001334,Bronze,2025-04-10
CRM001335,Bronze,2024-04-27
CRM001335,Silver,2025-04-24
CRM001336,Bronze,2025-04-06
CRM001337,Bronze,2024-05-22
CRM001338,Bronze,2025-02-28
CRM001339,Bronze,2025-06-23
CRM001340,Bronze,2025-11-03
CRM001341,Bronze,2025-09-16
CRM001342,Bronze,2024-01-29
CRM001343,Bronze,2024-11-26
CRM001343,Silver,2026-01-05
CRM001344,Bronze,2025-11-04
CRM001345,Bronze,2025-07-19
CRM001346,Bronze,2025-04-11
CRM001347,Bronze,2024-11-12
CRM001348,Bronze,2025-01-01
CRM001349,Bronze,2024-02-13
CRM001350,Bronze,2025-11-08
CRM001351,Bronze,2025-02-27
CRM001351,Gold,2025-07-10
CRM001352,Bronze,2024-09-30
CRM001352,Gold,2025-12-19
CRM001353,Bronze,2024-05-10
CRM001353,Gold,2025-01-18
CRM001354,Bronze,2025-07-18
CRM001355,Bronze,2024-08-06
CRM001356,Bronze,2026-03-26
CRM001357,Bronze,2024-07-08
CRM001358,Bronze,2025-08-28
CRM001359,Bronze,2024-08-12
CRM001359,Gold,2024-12-02
CRM001360,Bronze,2025-09-26
CRM001361,Bronze,2025-08-05
CRM001362,Bronze,2026-01-07
CRM001363,Bronze,2026-01-08
CRM001364,Bronze,2024-02-24
CRM001364,Silver,2024-10-26
CRM001365,Bronze,2025-08-20
CRM001366,Bronze,2025-01-02
CRM001366,Gold,2025-05-13
CRM001367,Bronze,2025-04-12
CRM001367,Silver,2026-03-12
CRM001368,Bronze,2024-09-05
CRM001369,Bronze,2025-03-01
CRM001370,Bronze,2025-10-03
CRM001370,Silver,2026-02-01
CRM001371,Bronze,2025-02-09
CRM001372,Bronze,2025-05-22
CRM001372,Silver,2026-03-24
CRM001373,Bronze,2024-10-12
CRM001374,Bronze,2024-11-06
CRM001374,Silver,2026-01-02
CRM001375,Bronze,2024-06-21
CRM001376,Bronze,2025-09-29
CRM001377,Bronze,2024-09-26
CRM001377,Silver,2025-12-22
CRM001378,Bronze,2024-05-11
CRM001378,Silver,2024-12-21
CRM001379,Bronze,2024-12-14
CRM001380,Bronze,2024-11-03
CRM001381,Bronze,2025-10-28
CRM001382,Bronze,2024-09-21
CRM001382,Gold,2025-07-30
CRM001383,Bronze,2025-12-05
CRM001384,Bronze,2024-11-11
CRM001385,Bronze,2024-07-21
CRM001386,Bronze,2024-10-21
CRM001387,Bronze,2025-03-26
CRM001387,Silver,2025-05-28
CRM001388,Bronze,2025-12-12
CRM001389,Bronze,2025-09-09
CRM001390,Bronze,2025-02-02
CRM001391,Bronze,2024-12-30
CRM001392,Bronze,2026-02-22
CRM001393,Bronze,2025-07-30
CRM001394,Bronze,2025-02-08
CRM001395,Bronze,2024-07-23
CRM001395,Gold,2025-10-19
CRM001396,Bronze,2024-06-30
CRM001396,Silver,2025-06-03
CRM001397,Bronze,2025-07-14
CRM001398,Bronze,2026-03-14
CRM001399,Bronze,2026-02-02
CRM001400,Bronze,2024-08-18
CRM001401,Bronze,2025-02-08
CRM001402,Bronze,2026-02-07
CRM001403,Bronze,2025-12-12
CRM001404,Bronze,2024-05-25
CRM001405,Bronze,2026-03-01
CRM001406,Bronze,2026-03-28
CRM001407,Bronze,2025-01-17
CRM001408,Bronze,2025-03-17
CRM001409,Bronze,2024-06-13
CRM001410,Bronze,2026-01-15
CRM001411,Bronze,2024-01-10
CRM001411,Gold,2025-01-25
CRM001412,Bronze,2024-07-19
CRM001413,Bronze,2024-04-19
CRM001413,Silver,2025-04-11
CRM001414,Bronze,2025-01-31
CRM001415,Bronze,2024-11-19
CRM001416,Bronze,2024-08-27
CRM001417,Bronze,2025-04-26
CRM001418,Bronze,2024-05-29
CRM001419,Bronze,2025-08-25
CRM001419,Gold,2025-11-15
CRM001420,Bronze,2025-07-26
CRM001421,Bronze,2024-03-03
CRM001422,Bronze,2024-08-28
CRM001422,Gold,2026-01-16
CRM001423,Bronze,2025-11-10
CRM001424,Bronze,2025-04-11
CRM001424,Gold,2026-02-26
CRM001425,Bronze,2024-03-15
CRM001425,Gold,2025-05-24
CRM001426,Bronze,2026-03-04
CRM001427,Bronze,2025-01-28
CRM001428,Bronze,2024-06-25
CRM001429,Bronze,2025-09-02
CRM001430,Bronze,2025-12-07
CRM001431,Bronze,2025-06-14
CRM001432,Bronze,2025-02-06
CRM001433,Bronze,2024-01-10
CRM001434,Bronze,2026-01-11
CRM001435,Bronze,2026-01-26
CRM001436,Bronze,2024-05-16
CRM001436,Gold,2026-01-03
CRM001437,Bronze,2024-01-25
CRM001438,Bronze,2024-08-13
CRM001438,Gold,2026-01-01
CRM001439,Bronze,2024-05-13
CRM001440,Bronze,2025-10-17
CRM001441,Bronze,2025-11-22
CRM001442,Bronze,2025-01-11
CRM001443,Bronze,2024-01-13
CRM001443,Silver,2024-06-15
CRM001444,Bronze,2025-03-27
CRM001445,Bronze,2026-01-27
CRM001446,Bronze,2025-10-17
CRM001447,Bronze,2025-10-10
CRM001448,Bronze,2025-06-22
CRM001449,Bronze,2025-03-23
CRM001450,Bronze,2024-12-26
CRM001451,Bronze,2025-12-28
CRM001452,Bronze,2025-07-13
CRM001453,Bronze,2024-05-13
CRM001453,Gold,2024-10-23
CRM001454,Bronze,2024-08-30
CRM001455,Bronze,2025-04-16
CRM001455,Gold,2025-10-20
CRM001456,Bronze,2025-02-09
CRM001457,Bronze,2024-02-19
CRM001458,Bronze,2024-12-18
CRM001458,Silver,2025-08-26
CRM001459,Bronze,2025-06-12
CRM001460,Bronze,2024-08-22
CRM001460,Silver,2025-07-26
CRM001461,Bronze,2025-12-11
CRM001462,Bronze,2024-06-07
CRM001463,Bronze,2024-07-02
CRM001463,Silver,2025-12-24
CRM001464,Bronze,2025-11-16
CRM001465,Bronze,2025-07-19
CRM001466,Bronze,2025-10-07
CRM001467,Bronze,2025-06-14
CRM001468,Bronze,2025-08-01
CRM001469,Bronze,2025-01-16
CRM001470,Bronze,2025-10-28
CRM001470,Silver,2026-02-08
CRM001471,Bronze,2025-07-15
CRM001472,Bronze,2026-03-14
CRM001473,Bronze,2024-09-12
CRM001474,Bronze,2024-08-22
CRM001475,Bronze,2025-04-17
CRM001476,Bronze,2025-03-10
CRM001477,Bronze,2024-11-14
CRM001478,Bronze,2025-09-20
CRM001479,Bronze,2025-06-03
CRM001480,Bronze,2025-03-17
CRM001481,Bronze,2024-09-05
CRM001482,Bronze,2025-10-18
CRM001483,Bronze,2026-02-27
CRM001484,Bronze,2025-04-07
CRM001485,Bronze,2025-01-01
CRM001486,Bronze,2025-03-18
CRM001487,Bronze,2025-01-19
CRM001488,Bronze,2024-06-01
CRM001489,Bronze,2024-05-23
CRM001490,Bronze,2025-11-24
CRM001491,Bronze,2026-03-17
CRM001492,Bronze,2025-10-19
CRM001493,Bronze,2024-08-12
CRM001493,Gold,2025-12-07
CRM001494,Bronze,2026-03-08
CRM001495,Bronze,2024-02-20
CRM001496,Bronze,2025-09-26
CRM001497,Bronze,2024-03-03
CRM001497,Silver,2024-05-18
CRM001498,Bronze,2025-08-04
CRM001499,Bronze,2024-08-08
CRM001499,Gold,2025-02-27
CRM001500,Bronze,2024-11-30
CRM001501,Bronze,2025-06-25
CRM001501,Gold,2026-04-13
CRM001502,Bronze,2025-04-26
CRM001503,Bronze,2024-07-25
CRM001504,Bronze,2025-11-28
CRM001505,Bronze,2025-09-28
CRM001506,Bronze,2024-03-12
CRM001507,Bronze,2024-02-08
CRM001508,Bronze,2024-07-11
CRM001508,Silver,2025-02-05
CRM001508,Gold,2025-05-03
CRM001509,Bronze,2024-03-23
CRM001510,Bronze,2024-01-29
CRM001511,Bronze,2024-11-15
CRM001512,Bronze,2025-05-12
CRM001513,Bronze,2025-06-12
CRM001514,Bronze,2025-05-08
CRM001515,Bronze,2024-09-18
CRM001516,Bronze,2024-08-27
CRM001517,Bronze,2025-05-20
CRM001518,Bronze,2024-06-02
CRM001519,Bronze,2025-08-06
CRM001520,Bronze,2025-01-02
CRM001521,Bronze,2024-04-04
CRM001521,Silver,2025-11-03
CRM001521,Gold,2026-02-22
CRM001522,Bronze,2024-02-14
CRM001522,Silver,2025-01-15
CRM001522,Gold,2025-07-05
CRM001523,Bronze,2024-06-06
CRM001524,Bronze,2025-09-23
CRM001525,Bronze,2024-09-18
CRM001526,Bronze,2024-03-05
CRM001527,Bronze,2024-04-03
CRM001528,Bronze,2024-11-26
CRM001529,Bronze,2024-04-18
CRM001530,Bronze,2025-03-10
CRM001531,Bronze,2025-02-10
CRM001532,Bronze,2025-05-14
CRM001533,Bronze,2024-01-25
CRM001534,Bronze,2024-01-07
CRM001535,Bronze,2026-01-29
CRM001536,Bronze,2024-02-18
CRM001537,Bronze,2025-07-10
CRM001538,Bronze,2025-07-29
CRM001539,Bronze,2024-01-31
CRM001540,Bronze,2025-04-15
CRM001541,Bronze,2024-02-27
CRM001542,Bronze,2025-09-07
CRM001543,Bronze,2024-10-28
CRM001544,Bronze,2024-07-18
CRM001545,Bronze,2024-12-20
CRM001546,Bronze,2024-02-05
CRM001547,Bronze,2024-01-04
CRM001547,Silver,2024-09-21
CRM001548,Bronze,2025-09-24
CRM001549,Bronze,2026-03-14
CRM001550,Bronze,2025-10-14
CRM001550,Silver,2026-04-28
CRM001551,Bronze,2024-10-29
CRM001551,Gold,2025-06-01
CRM001552,Bronze,2025-10-20
CRM001553,Bronze,2025-04-27
CRM001553,Silver,2026-01-27
CRM001554,Bronze,2025-11-02
CRM001554,Gold,2026-02-08
CRM001555,Bronze,2024-06-16
CRM001556,Bronze,2026-03-18
CRM001557,Bronze,2025-11-24
CRM001558,Bronze,2025-08-09
CRM001559,Bronze,2025-11-17
CRM001560,Bronze,2024-03-27
CRM001560,Gold,2025-09-08
CRM001561,Bronze,2024-05-28
CRM001562,Bronze,2024-01-17
CRM001563,Bronze,2024-06-06
CRM001564,Bronze,2025-05-24
CRM001565,Bronze,2024-04-14
CRM001565,Gold,2025-05-17
CRM001566,Bronze,2025-07-06
CRM001567,Bronze,2024-08-01
CRM001568,Bronze,2025-11-08
CRM001569,Bronze,2024-08-14
CRM001570,Bronze,2025-03-28
CRM001571,Bronze,2026-02-26
CRM001572,Bronze,2024-11-07
CRM001573,Bronze,2026-01-09
CRM001573,Gold,2026-04-01
CRM001574,Bronze,2025-05-29
CRM001575,Bronze,2025-10-12
CRM001576,Bronze,2026-02-09
CRM001577,Bronze,2024-11-27
CRM001578,Bronze,2025-09-13
CRM001579,Bronze,2025-07-09
CRM001580,Bronze,2025-11-15
CRM001581,Bronze,2024-11-05
CRM001582,Bronze,2024-09-27
CRM001583,Bronze,2024-02-03
CRM001583,Silver,2024-09-01
CRM001584,Bronze,2024-08-01
CRM001584,Gold,2025-06-11
CRM001585,Bronze,2025-04-18
CRM001586,Bronze,2024-09-23
CRM001587,Bronze,2024-08-12
CRM001588,Bronze,2025-08-04
CRM001589,Bronze,2024-10-20
CRM001590,Bronze,2024-03-23
CRM001591,Bronze,2026-01-29
CRM001592,Bronze,2024-04-10
CRM001592,Silver,2025-02-12
CRM001593,Bronze,2026-02-13
CRM001594,Bronze,2025-08-03
CRM001595,Bronze,2025-02-20
CRM001596,Bronze,2024-11-11
CRM001597,Bronze,2025-10-22
CRM001598,Bronze,2024-05-11
CRM001599,Bronze,2026-03-16
CRM001600,Bronze,2025-06-06
CRM001601,Bronze,2025-07-24
CRM001602,Bronze,2024-10-05
CRM001603,Bronze,2024-05-08
CRM001604,Bronze,2024-06-01
CRM001605,Bronze,2024-11-07
CRM001606,Bronze,2025-03-02
CRM001607,Bronze,2024-01-14
CRM001608,Bronze,2025-09-22
CRM001609,Bronze,2026-03-07
CRM001610,Bronze,2024-11-22
CRM001610,Gold,2025-07-08
CRM001611,Bronze,2024-05-13
CRM001611,Gold,2025-06-11
CRM001612,Bronze,2025-11-12
CRM001613,Bronze,2024-07-18
CRM001613,Silver,2024-12-09
CRM001613,Gold,2025-09-14
CRM001614,Bronze,2025-07-04
CRM001615,Bronze,2025-09-18
CRM001615,Silver,2026-04-21
CRM001616,Bronze,2024-02-06
CRM001616,Gold,2025-01-29
CRM001617,Bronze,2025-08-30
CRM001618,Bronze,2025-08-23
CRM001619,Bronze,2025-12-02
CRM001620,Bronze,2024-10-02
CRM001621,Bronze,2024-11-05
CRM001621,Gold,2025-06-22
CRM001622,Bronze,2025-03-28
CRM001623,Bronze,2025-07-26
CRM001623,Silver,2025-12-17
CRM001624,Bronze,2025-08-30
CRM001625,Bronze,2026-01-12
CRM001626,Bronze,2024-11-15
CRM001627,Bronze,2025-04-27
CRM001628,Bronze,2024-01-12
CRM001629,Bronze,2025-01-18
CRM001629,Silver,2026-01-11
CRM001630,Bronze,2024-03-01
CRM001630,Gold,2024-07-05
CRM001631,Bronze,2025-04-07
CRM001632,Bronze,2024-10-05
CRM001633,Bronze,2024-10-11
CRM001633,Gold,2025-07-27
CRM001634,Bronze,2024-03-08
CRM001634,Silver,2025-04-18
CRM001635,Bronze,2024-04-13
CRM001636,Bronze,2024-07-07
CRM001637,Bronze,2025-09-29
CRM001638,Bronze,2024-03-10
CRM001638,Gold,2025-06-23
CRM001639,Bronze,2025-06-17
CRM001640,Bronze,2024-01-17
CRM001640,Gold,2025-01-27
CRM001641,Bronze,2025-12-22
CRM001642,Bronze,2025-01-11
CRM001642,Silver,2025-08-17
CRM001643,Bronze,2024-09-07
CRM001644,Bronze,2024-07-11
CRM001644,Silver,2025-12-12
CRM001644,Gold,2026-03-19
CRM001645,Bronze,2024-01-18
CRM001645,Gold,2025-02-21
CRM001646,Bronze,2024-10-03
CRM001647,Bronze,2025-11-17
CRM001648,Bronze,2025-04-23
CRM001649,Bronze,2024-11-09
CRM001649,Silver,2025-11-13
CRM001650,Bronze,2024-01-25
CRM001651,Bronze,2024-04-08
CRM001652,Bronze,2025-10-07
CRM001653,Bronze,2024-10-21
CRM001654,Bronze,2024-12-27
CRM001654,Gold,2025-11-10
CRM001655,Bronze,2024-01-24
CRM001655,Gold,2025-08-15
CRM001656,Bronze,2024-11-26
CRM001657,Bronze,2025-07-27
CRM001658,Bronze,2026-02-15
CRM001659,Bronze,2025-05-18
CRM001660,Bronze,2024-09-29
CRM001660,Gold,2025-10-28
CRM001661,Bronze,2025-06-04
CRM001662,Bronze,2024-12-27
CRM001663,Bronze,2024-07-11
CRM001664,Bronze,2024-05-03
CRM001665,Bronze,2024-11-09
CRM001665,Gold,2025-06-25
CRM001666,Bronze,2025-11-20
CRM001667,Bronze,2024-03-02
CRM001668,Bronze,2025-05-29
CRM001669,Bronze,2025-01-20
CRM001669,Silver,2025-08-11
CRM001670,Bronze,2026-03-21
CRM001671,Bronze,2026-02-02
CRM001672,Bronze,2024-07-14
CRM001673,Bronze,2024-05-01
CRM001674,Bronze,2024-11-02
CRM001675,Bronze,2025-04-15
CRM001676,Bronze,2026-01-17
CRM001677,Bronze,2026-01-01
CRM001678,Bronze,2024-01-31
CRM001679,Bronze,2024-08-25
CRM001679,Silver,2026-03-02
CRM001680,Bronze,2025-12-21
CRM001681,Bronze,2026-01-16
CRM001682,Bronze,2024-08-28
CRM001683,Bronze,2025-08-04
CRM001684,Bronze,2025-08-02
CRM001685,Bronze,2025-09-27
CRM001686,Bronze,2024-10-28
CRM001687,Bronze,2026-01-29
CRM001688,Bronze,2025-08-21
CRM001689,Bronze,2024-02-23
CRM001690,Bronze,2025-12-08
CRM001691,Bronze,2024-09-07
CRM001692,Bronze,2024-05-04
CRM001693,Bronze,2025-01-27
CRM001694,Bronze,2025-10-01
CRM001695,Bronze,2025-06-18
CRM001696,Bronze,2025-04-23
CRM001697,Bronze,2024-04-18
CRM001697,Gold,2024-08-20
CRM001698,Bronze,2025-03-23
CRM001699,Bronze,2024-10-16
CRM001700,Bronze,2026-02-19
CRM001701,Bronze,2024-04-01
CRM001702,Bronze,2025-11-15
CRM001703,Bronze,2025-03-31
CRM001704,Bronze,2025-06-15
CRM001705,Bronze,2024-06-05
CRM001705,Gold,2025-05-02
CRM001706,Bronze,2024-03-06
CRM001707,Bronze,2026-03-18
CRM001708,Bronze,2025-10-29
CRM001709,Bronze,2025-07-15
CRM001710,Bronze,2025-07-07
CRM001711,Bronze,2025-09-16
CRM001712,Bronze,2025-03-10
CRM001712,Silver,2025-12-29
CRM001713,Bronze,2026-01-08
CRM001713,Gold,2026-03-11
CRM001714,Bronze,2025-05-15
CRM001714,Gold,2025-09-29
CRM001715,Bronze,2025-05-20
CRM001716,Bronze,2025-09-13
CRM001717,Bronze,2026-01-09
CRM001718,Bronze,2024-10-30
CRM001718,Silver,2025-11-07
CRM001719,Bronze,2024-05-15
CRM001720,Bronze,2024-06-28
CRM001721,Bronze,2024-09-21
CRM001722,Bronze,2024-02-15
CRM001723,Bronze,2025-02-04
CRM001724,Bronze,2026-02-03
CRM001725,Bronze,2024-04-10
CRM001726,Bronze,2025-11-09
CRM001727,Bronze,2024-05-16
CRM001727,Silver,2025-02-05
CRM001728,Bronze,2024-06-29
CRM001728,Gold,2025-05-06
CRM001729,Bronze,2024-01-03
CRM001729,Gold,2024-07-13
CRM001730,Bronze,2025-05-11
CRM001731,Bronze,2024-12-11
CRM001732,Bronze,2025-05-05
CRM001733,Bronze,2025-12-09
CRM001734,Bronze,2024-02-23
CRM001734,Gold,2024-10-07
CRM001735,Bronze,2024-07-10
CRM001735,Gold,2025-06-30
CRM001736,Bronze,2025-03-28
CRM001737,Bronze,2024-11-23
CRM001738,Bronze,2025-08-31
CRM001739,Bronze,2025-09-01
CRM001739,Silver,2026-04-08
CRM001740,Bronze,2025-08-30
CRM001741,Bronze,2024-10-30
CRM001741,Silver,2025-10-01
CRM001742,Bronze,2025-05-17
CRM001743,Bronze,2024-09-11
CRM001744,Bronze,2024-08-12
CRM001745,Bronze,2024-06-07
CRM001746,Bronze,2024-09-18
CRM001747,Bronze,2024-03-22
CRM001748,Bronze,2024-08-18
CRM001749,Bronze,2024-07-03
CRM001750,Bronze,2024-09-24
CRM001751,Bronze,2025-08-16
CRM001751,Gold,2026-04-13
CRM001752,Bronze,2024-07-05
CRM001753,Bronze,2026-03-02
CRM001754,Bronze,2024-05-26
CRM001754,Silver,2024-08-12
CRM001755,Bronze,2025-11-04
CRM001756,Bronze,2024-04-08
CRM001756,Gold,2024-12-22
CRM001757,Bronze,2024-01-31
CRM001758,Bronze,2024-07-11
CRM001759,Bronze,2024-10-06
CRM001760,Bronze,2024-03-01
CRM001761,Bronze,2025-02-02
CRM001762,Bronze,2025-04-08
CRM001763,Bronze,2024-01-01
CRM001763,Gold,2025-08-07
CRM001764,Bronze,2025-11-22
CRM001765,Bronze,2025-06-30
CRM001766,Bronze,2024-03-10
CRM001767,Bronze,2024-11-30
CRM001768,Bronze,2025-03-06
CRM001769,Bronze,2025-01-31
CRM001770,Bronze,2024-05-09
CRM001771,Bronze,2024-11-12
CRM001772,Bronze,2025-08-01
CRM001773,Bronze,2025-05-06
CRM001774,Bronze,2024-04-30
CRM001775,Bronze,2024-04-12
CRM001776,Bronze,2025-02-28
CRM001777,Bronze,2025-08-08
CRM001778,Bronze,2026-03-28
CRM001779,Bronze,2025-06-25
CRM001779,Silver,2026-03-04
CRM001780,Bronze,2024-06-02
CRM001780,Gold,2025-08-17
CRM001781,Bronze,2025-06-20
CRM001782,Bronze,2024-07-17
CRM001783,Bronze,2025-08-11
CRM001784,Bronze,2025-07-29
CRM001785,Bronze,2025-12-12
CRM001786,Bronze,2025-03-21
CRM001787,Bronze,2024-05-15
CRM001788,Bronze,2024-05-03
CRM001788,Gold,2024-11-18
CRM001789,Bronze,2024-03-30
CRM001790,Bronze,2024-01-17
CRM001791,Bronze,2026-03-11
CRM001792,Bronze,2024-10-22
CRM001793,Bronze,2025-06-20
CRM001794,Bronze,2024-09-18
CRM001794,Silver,2025-10-07
CRM001795,Bronze,2025-07-24
CRM001796,Bronze,2026-02-08
CRM001797,Bronze,2025-01-22
CRM001797,Silver,2026-01-24
CRM001798,Bronze,2026-01-20
CRM001799,Bronze,2025-09-03
CRM001800,Bronze,2026-01-28
CRM001801,Bronze,2025-05-25
CRM001802,Bronze,2024-10-16
CRM001803,Bronze,2026-02-03
CRM001804,Bronze,2026-01-27
CRM001805,Bronze,2025-09-06
CRM001806,Bronze,2025-02-22
CRM001807,Bronze,2025-07-03
CRM001808,Bronze,2024-11-04
CRM001809,Bronze,2025-09-04
CRM001810,Bronze,2024-11-05
CRM001811,Bronze,2026-01-29
CRM001812,Bronze,2026-02-18
CRM001813,Bronze,2024-06-16
CRM001814,Bronze,2024-01-22
CRM001815,Bronze,2025-06-15
CRM001816,Bronze,2025-03-25
CRM001817,Bronze,2024-08-24
CRM001818,Bronze,2024-06-27
CRM001818,Silver,2025-03-31
CRM001818,Gold,2025-10-18
CRM001819,Bronze,2026-01-06
CRM001820,Bronze,2024-08-19
CRM001821,Bronze,2025-03-01
CRM001822,Bronze,2024-11-06
CRM001823,Bronze,2025-04-21
CRM001823,Gold,2026-04-20
CRM001824,Bronze,2025-10-23
CRM001825,Bronze,2024-06-19
CRM001826,Bronze,2025-10-11
CRM001827,Bronze,2024-01-01
CRM001827,Gold,2025-02-05
CRM001828,Bronze,2026-01-03
CRM001829,Bronze,2025-01-26
CRM001829,Silver,2025-07-01
CRM001830,Bronze,2024-05-30
CRM001830,Gold,2025-08-02
CRM001831,Bronze,2025-07-15
CRM001832,Bronze,2025-03-04
CRM001832,Silver,2026-01-11
CRM001833,Bronze,2024-07-21
CRM001833,Silver,2025-01-03
CRM001834,Bronze,2024-10-22
CRM001835,Bronze,2025-06-16
CRM001836,Bronze,2024-08-26
CRM001836,Silver,2025-12-16
CRM001837,Bronze,2025-01-27
CRM001838,Bronze,2024-07-01
CRM001839,Bronze,2026-02-21
CRM001840,Bronze,2024-03-11
CRM001841,Bronze,2026-03-08
CRM001842,Bronze,2025-08-29
CRM001843,Bronze,2024-01-06
CRM001843,Silver,2025-04-07
CRM001844,Bronze,2024-01-14
CRM001844,Gold,2024-07-31
CRM001845,Bronze,2025-04-05
CRM001846,Bronze,2024-03-11
CRM001847,Bronze,2024-08-18
CRM001848,Bronze,2025-01-21
CRM001848,Gold,2025-07-27
CRM001849,Bronze,2025-06-23
CRM001850,Bronze,2025-02-14
CRM001850,Gold,2025-08-10
CRM001851,Bronze,2025-05-19
CRM001852,Bronze,2025-03-10
CRM001853,Bronze,2024-06-14
CRM001854,Bronze,2024-11-16
CRM001855,Bronze,2025-09-06
CRM001856,Bronze,2024-08-18
CRM001857,Bronze,2024-10-14
CRM001858,Bronze,2025-03-14
CRM001858,Silver,2025-06-23
CRM001859,Bronze,2024-10-18
CRM001860,Bronze,2025-12-07
CRM001861,Bronze,2024-01-19
CRM001862,Bronze,2024-06-19
CRM001862,Gold,2025-03-29
CRM001863,Bronze,2024-05-09
CRM001864,Bronze,2025-06-09
CRM001865,Bronze,2025-11-21
CRM001866,Bronze,2025-01-13
CRM001867,Bronze,2024-02-02
CRM001868,Bronze,2025-10-07
CRM001868,Gold,2026-03-25
CRM001869,Bronze,2025-10-25
CRM001870,Bronze,2025-08-20
CRM001870,Gold,2026-02-22
CRM001871,Bronze,2024-06-20
CRM001872,Bronze,2025-06-02
CRM001873,Bronze,2024-08-22
CRM001874,Bronze,2025-10-22
CRM001875,Bronze,2025-06-25
CRM001876,Bronze,2024-04-28
CRM001876,Silver,2024-11-23
CRM001877,Bronze,2025-08-29
CRM001878,Bronze,2025-10-26
CRM001879,Bronze,2024-07-17
CRM001880,Bronze,2026-02-06
CRM001881,Bronze,2025-06-02
CRM001882,Bronze,2026-02-11
CRM001883,Bronze,2024-12-23
CRM001883,Gold,2025-04-23
CRM001884,Bronze,2024-12-06
CRM001885,Bronze,2024-11-11
CRM001885,Gold,2025-05-03
CRM001886,Bronze,2024-04-02
CRM001886,Silver,2025-03-14
CRM001887,Bronze,2024-08-11
CRM001887,Gold,2024-12-15
CRM001888,Bronze,2024-03-27
CRM001889,Bronze,2024-02-10
CRM001890,Bronze,2024-06-13
CRM001891,Bronze,2024-09-02
CRM001892,Bronze,2025-01-15
CRM001893,Bronze,2025-12-30
CRM001894,Bronze,2025-06-08
CRM001895,Bronze,2024-08-30
CRM001895,Silver,2025-03-14
CRM001896,Bronze,2026-02-20
CRM001897,Bronze,2025-12-06
CRM001898,Bronze,2025-04-20
CRM001899,Bronze,2024-05-22
CRM001900,Bronze,2024-03-27
CRM001901,Bronze,2024-04-29
CRM001901,Gold,2025-03-29
CRM001902,Bronze,2025-09-21
CRM001903,Bronze,2025-10-21
CRM001904,Bronze,2025-07-17
CRM001905,Bronze,2025-03-14
CRM001906,Bronze,2024-01-18
CRM001907,Bronze,2024-02-20
CRM001907,Silver,2024-08-07
CRM001908,Bronze,2024-03-10
CRM001908,Silver,2025-01-14
CRM001909,Bronze,2024-05-24
CRM001910,Bronze,2026-02-16
CRM001911,Bronze,2024-05-31
CRM001912,Bronze,2024-02-06
CRM001913,Bronze,2025-03-26
CRM001914,Bronze,2024-05-24
CRM001915,Bronze,2024-09-07
CRM001915,Silver,2025-05-23
CRM001915,Gold,2025-12-25
CRM001916,Bronze,2025-06-10
CRM001917,Bronze,2025-08-25
CRM001918,Bronze,2026-02-11
CRM001919,Bronze,2024-05-15
CRM001919,Gold,2025-02-03
CRM001920,Bronze,2025-04-04
CRM001921,Bronze,2025-07-02
CRM001922,Bronze,2026-01-05
CRM001923,Bronze,2026-01-28
CRM001924,Bronze,2024-07-19
CRM001925,Bronze,2025-10-03
CRM001926,Bronze,2024-03-29
CRM001927,Bronze,2025-03-27
CRM001928,Bronze,2025-08-26
CRM001929,Bronze,2025-12-28
CRM001930,Bronze,2024-10-07
CRM001931,Bronze,2025-09-15
CRM001932,Bronze,2026-01-25
CRM001933,Bronze,2025-12-07
CRM001934,Bronze,2024-11-27
CRM001935,Bronze,2024-04-06
CRM001936,Bronze,2024-11-24
CRM001936,Silver,2025-06-12
CRM001937,Bronze,2024-09-30
CRM001937,Gold,2026-03-22
CRM001938,Bronze,2024-05-06
CRM001939,Bronze,2024-11-28
CRM001940,Bronze,2025-10-27
CRM001941,Bronze,2025-06-26
CRM001942,Bronze,2024-09-06
CRM001942,Silver,2025-06-12
CRM001943,Bronze,2024-01-16
CRM001943,Gold,2024-03-27
CRM001944,Bronze,2024-08-12
CRM001944,Gold,2025-07-25
CRM001945,Bronze,2025-12-13
CRM001946,Bronze,2025-09-23
CRM001947,Bronze,2025-11-29
CRM001948,Bronze,2024-10-18
CRM001948,Silver,2025-08-30
CRM001948,Gold,2026-03-19
CRM001949,Bronze,2024-12-01
CRM001950,Bronze,2025-07-29
CRM001951,Bronze,2024-07-12
CRM001952,Bronze,2025-06-30
CRM001953,Bronze,2024-06-25
CRM001954,Bronze,2024-09-09
CRM001954,Gold,2026-01-03
CRM001955,Bronze,2025-11-10
CRM001956,Bronze,2024-05-19
CRM001957,Bronze,2024-06-03
CRM001958,Bronze,2024-11-25
CRM001958,Gold,2026-04-06
CRM001959,Bronze,2024-06-26
CRM001960,Bronze,2025-10-03
CRM001961,Bronze,2024-12-13
CRM001962,Bronze,2025-10-06
CRM001962,Silver,2026-03-14
CRM001963,Bronze,2024-01-25
CRM001963,Silver,2024-09-01
CRM001964,Bronze,2025-05-08
CRM001965,Bronze,2025-08-30
CRM001966,Bronze,2025-10-28
CRM001967,Bronze,2025-05-09
CRM001968,Bronze,2024-07-15
CRM001969,Bronze,2024-09-04
CRM001969,Silver,2025-03-20
CRM001969,Gold,2025-08-31
CRM001970,Bronze,2025-11-10
CRM001971,Bronze,2024-05-02
CRM001972,Bronze,2025-07-10
CRM001973,Bronze,2025-01-15
CRM001974,Bronze,2024-03-21
CRM001975,Bronze,2024-06-09
CRM001976,Bronze,2025-03-14
CRM001977,Bronze,2025-07-15
CRM001978,Bronze,2025-10-04
CRM001979,Bronze,2025-10-14
CRM001980,Bronze,2025-04-09
CRM001981,Bronze,2025-06-22
CRM001982,Bronze,2025-01-30
CRM001982,Silver,2025-09-08
CRM001983,Bronze,2026-03-15
CRM001984,Bronze,2024-06-27
CRM001985,Bronze,2024-05-09
CRM001985,Gold,2025-12-22
CRM001986,Bronze,2026-01-18
CRM001987,Bronze,2025-04-02
CRM001987,Gold,2026-01-07
CRM001988,Bronze,2025-09-13
CRM001989,Bronze,2025-03-12
CRM001990,Bronze,2026-01-27
CRM001991,Bronze,2025-02-26
CRM001991,Silver,2026-01-18
CRM001992,Bronze,2025-10-28
CRM001993,Bronze,2024-04-09
CRM001994,Bronze,2025-09-28
CRM001995,Bronze,2024-06-27
CRM001996,Bronze,2025-01-16
CRM001997,Bronze,2025-05-03
CRM001998,Bronze,2025-05-25
CRM001999,Bronze,2024-04-12
CRM001999,Silver,2024-10-18
CRM001999,Gold,2025-09-16
